http://www.w3.org/ns/prov#wasDerivedFrom,http://purl.org/dc/elements/1.1/format,Pollinator Group,Polinator ,Plant,Visitation Rate (visits per hour per plant),Mean Nectar Volume (microlitres),Mean Sugar Concentration (%),Flower Colour,Location,Latitude,Longitude,Source,Title,Plant Native Status,Habitat Type,Successful Pollination
line:xlsx:hash://md5/a145956849e70f1eeae954ee4b4f8f07!/All%20data!/L2,application/vnd.openxmlformats-officedocument.spreadsheetml.sheet,Bird,Serinus canarius,Aeonium arboreum,,,20.7,Yellow,Tenerife,28.416778,-16.398944,"Valido, 2004",Bird flower interactions in Macronesian islands,Native,Pine forest,Legitimate Visit (Observed)
line:xlsx:hash://md5/a145956849e70f1eeae954ee4b4f8f07!/All%20data!/L3,application/vnd.openxmlformats-officedocument.spreadsheetml.sheet,Bird,Phylloscopus collybita,Aeonium arboreum,,,20.7,Yellow,Tenerife,28.416778,-16.398944,"Valido, 2004",Bird flower interactions in Macronesian islands,Native,Pine forest,Legitimate Visit (Observed)
line:xlsx:hash://md5/a145956849e70f1eeae954ee4b4f8f07!/All%20data!/L4,application/vnd.openxmlformats-officedocument.spreadsheetml.sheet,Lizard,Teira dugesii,Aeonium glutinosum,,,,Yellow,"Miradouro de S Sebastiao, Ribeira Brava",32.67,-17.062778,"Camara, 2025",Teira dugesii (Squamata: Lacertidae) visiting flowers: new observations and a review,Native,Herbaceous shrubland,Legitimate Visit
line:xlsx:hash://md5/a145956849e70f1eeae954ee4b4f8f07!/All%20data!/L5,application/vnd.openxmlformats-officedocument.spreadsheetml.sheet,Lizard,Gallotia atlantica,Aeonium lancerottense,,,,Pink-white,Lanzarotte,29.034917,-13.755472,"Nelson, 2010","Lizards on Aeonium lancerottense in Lanzarote, Canary Islands: a new example of pollination by reptiles?",Native,High-altitude sub-alpine desert or high mountain scrubland ,Flower Visitation/Potential Pollination (Lizards observed on flowers)
line:xlsx:hash://md5/a145956849e70f1eeae954ee4b4f8f07!/All%20data!/L6,application/vnd.openxmlformats-officedocument.spreadsheetml.sheet,Lizard,Teira dugesii,Agave attentuate,,,,Yellow,"Garajau, Santa Cruz",32.637028,-16.851194,"Elvers, 1977","Elvers, I. (1977) Flower-visiting lizards on Madeira",Introduced,Shrubland,NA
line:xlsx:hash://md5/a145956849e70f1eeae954ee4b4f8f07!/All%20data!/L7,application/vnd.openxmlformats-officedocument.spreadsheetml.sheet,Lizard,Podarcis lilfordi,Ajuga iva,,,,Purple,Rei Island,39.887167,4.287222,"Peréz-Mellado, 2000","Pollen load and transport by the insular lizard, Podarcis lilfordi (Squamata, Lacertidae) in coastal islets of Menorca (Balearic Islands, Spain)",Native,Rocky slopes / garrigue,Potential Pollination (Pollen Grains found on lizard)
line:xlsx:hash://md5/a145956849e70f1eeae954ee4b4f8f07!/All%20data!/L8,application/vnd.openxmlformats-officedocument.spreadsheetml.sheet,Lizard,Teira dugesii,Allamanda cathartica,,,,Yellow,Rua Nova da Igeja Funchal,32.648611,-16.884444,"Camara, 2025",Teira dugesii (Squamata: Lacertidae) visiting flowers: new observations and a review,Ornamental,Herbaceous shrubland,Legitimate Visit
line:xlsx:hash://md5/a145956849e70f1eeae954ee4b4f8f07!/All%20data!/L9,application/vnd.openxmlformats-officedocument.spreadsheetml.sheet,Lizard,Podarcis lilfordi,Allium ampeloprasum,,,,Purple-white,Aire Island; Sanitja Islet,39.801194,4.290528,"Peréz-Mellado, 2000","Pollen load and transport by the insular lizard, Podarcis lilfordi (Squamata, Lacertidae) in coastal islets of Menorca (Balearic Islands, Spain)",Native,Scrubland / rocky slope,Potential Pollination (Pollen Grains found on lizard)
line:xlsx:hash://md5/a145956849e70f1eeae954ee4b4f8f07!/All%20data!/L10,application/vnd.openxmlformats-officedocument.spreadsheetml.sheet,Lizard,Teira dugesii,Aloe arborescens,,,,Red-orange,"Garajau, Santa Cruz",32.637028,-16.851194,"Elvers, 1977","Elvers, I. (1977) Flower-visiting lizards on Madeira",Introduced,NA,NA
line:xlsx:hash://md5/a145956849e70f1eeae954ee4b4f8f07!/All%20data!/L11,application/vnd.openxmlformats-officedocument.spreadsheetml.sheet,Lizard,Podarcis lilfordi,Anagalis arvensis,,,,Purple,Aire Island,39.801194,4.290528,"Peréz-Mellado, 2000","Pollen load and transport by the insular lizard, Podarcis lilfordi (Squamata, Lacertidae) in coastal islets of Menorca (Balearic Islands, Spain)",Native,Disturbed / field margins,Potential Pollination (Pollen Grains found on lizard)
line:xlsx:hash://md5/a145956849e70f1eeae954ee4b4f8f07!/All%20data!/L12,application/vnd.openxmlformats-officedocument.spreadsheetml.sheet,Bird,Sylvia atricapilla,Anagyris foetida,3.44,21.72,11.13,Yellow,"Badajoz, Spain",38.709524,-7.09419,"Ortega-Olivencia, 2005",First confirmation of a native bird-pollinated plant in Europe.pdf,Native,Mediterranean shrub,Effective Pollination
line:xlsx:hash://md5/a145956849e70f1eeae954ee4b4f8f07!/All%20data!/L13,application/vnd.openxmlformats-officedocument.spreadsheetml.sheet,Bird,Phylloscopus collybita,Anagyris foetida ,2.51,21.72,11.13,Yellow,"Badajoz, Spain",38.709524,-7.09419,"Ortega-Olivencia, 2005",First confirmation of a native bird-pollinated plant in Europe.pdf,Native,Mediterranean shrub,Effective Pollination
line:xlsx:hash://md5/a145956849e70f1eeae954ee4b4f8f07!/All%20data!/L14,application/vnd.openxmlformats-officedocument.spreadsheetml.sheet,Bird,Sylvia melanocephala,Anagyris foetida ,3.44,21.72,11.13,Yellow,"Badajoz, Spain",38.709524,-7.09419,"Ortega-Olivencia, 2005",First confirmation of a native bird-pollinated plant in Europe.pdf,Native,Mediterranean shrub,Effective Pollination
line:xlsx:hash://md5/a145956849e70f1eeae954ee4b4f8f07!/All%20data!/L15,application/vnd.openxmlformats-officedocument.spreadsheetml.sheet,Lizard,Podarcis lilfordi,Apiaceae spp.,,,,NA,Cabrera Gran,39.142167,2.945194,"Romera-Egea, 2023",Assessing the role of lizards as potential pollinators,Native,Insular Plant Community ,"Legitimate Visit (Pollen found in samples, potential pollination)"
line:xlsx:hash://md5/a145956849e70f1eeae954ee4b4f8f07!/All%20data!/L16,application/vnd.openxmlformats-officedocument.spreadsheetml.sheet,Lizard,Podarcis lilfordi,Asparagus horridus,,,,Yellow,Cabrera Gran,39.142167,2.945194,"Romera-Egea, 2023",Assessing the role of lizards as potential pollinators,Native,Insular Plant Community ,Legitimate Visit (Observed interaction in community study)
line:xlsx:hash://md5/a145956849e70f1eeae954ee4b4f8f07!/All%20data!/L17,application/vnd.openxmlformats-officedocument.spreadsheetml.sheet,Lizard,Podarcis lilfordi,Asphodelus aestivus,,,,White,Aire; Rei island,39.801194,4.290528,"Peréz-Mellado, 2000","Pollen load and transport by the insular lizard, Podarcis lilfordi (Squamata, Lacertidae) in coastal islets of Menorca (Balearic Islands, Spain)",Native,Scrubland / rocky slope,Potential Pollination (Pollen Grains found on lizard)
line:xlsx:hash://md5/a145956849e70f1eeae954ee4b4f8f07!/All%20data!/L18,application/vnd.openxmlformats-officedocument.spreadsheetml.sheet,Lizard,Teira dugesii,Azorina vidalii,,,,Pink,Azores Islands,38.7735812,-27.2933906,"Olsen, 2003",Bird Pollination in Madeira Island,Native,Coastal rocky shrub,Potential Pollinator (Observed visiting flowers)
line:xlsx:hash://md5/a145956849e70f1eeae954ee4b4f8f07!/All%20data!/L19,application/vnd.openxmlformats-officedocument.spreadsheetml.sheet,Lizard,Teira dugesii,Azorina vidalii,,,,Pink,Azores Islands,38.7735812,-27.2933906,"Valido, 2010",Pollination on islands: examples from the,Native,Coastal rocky shrub,Potential Pollinator (Observed visiting flowers)
line:xlsx:hash://md5/a145956849e70f1eeae954ee4b4f8f07!/All%20data!/L20,application/vnd.openxmlformats-officedocument.spreadsheetml.sheet,Lizard,Teira dugesii,Azorina vidalii,,9,22,Pink,Azores Islands,38.7735812,-27.2933906,"Olsen, 2012","Pollination, biogeography and phylogeny of oceanic island bellflowers (Campanulaceae)",Native,Coastal slope / volcanic coast,Effective Pollination
line:xlsx:hash://md5/a145956849e70f1eeae954ee4b4f8f07!/All%20data!/L21,application/vnd.openxmlformats-officedocument.spreadsheetml.sheet,Lizard,Teira dugesii,Begonia spp.,,,,,Rua Nova da Igeja Funchal,32.648611,-16.884444,"Camara, 2025",Teira dugesii (Squamata: Lacertidae) visiting flowers: new observations and a review,Ornamental,NA,Legitimate Visit
line:xlsx:hash://md5/a145956849e70f1eeae954ee4b4f8f07!/All%20data!/L22,application/vnd.openxmlformats-officedocument.spreadsheetml.sheet,Lizard,Teira dugesii,Bituminaria bituminosa,,,,Purple,"Miradouro de S Sebastiao, Ribeira Brava",32.67,-17.062778,"Camara, 2025",Teira dugesii (Squamata: Lacertidae) visiting flowers: new observations and a review,Native,Herbaceous shrubland,Legitimate Visit
line:xlsx:hash://md5/a145956849e70f1eeae954ee4b4f8f07!/All%20data!/L23,application/vnd.openxmlformats-officedocument.spreadsheetml.sheet,Bird,Sylvia atricapilla,Brassica incana,,,,Yellow,Ventotene Island,40.786667,13.412139,"Cecere, 2011 (b)","Nectar, and energy drink used by European songbirds during migration",Native,Maquis,Potential Pollination
line:xlsx:hash://md5/a145956849e70f1eeae954ee4b4f8f07!/All%20data!/L24,application/vnd.openxmlformats-officedocument.spreadsheetml.sheet,Bird,Phylloscopus collybita,Brassica incana,,,,Yellow,Ventotene Island,40.786667,13.412139,"Cecere, 2011 (b)","Nectar, and energy drink used by European songbirds during migration",Native,Maquis,Potential Pollination
line:xlsx:hash://md5/a145956849e70f1eeae954ee4b4f8f07!/All%20data!/L25,application/vnd.openxmlformats-officedocument.spreadsheetml.sheet,Bird,Sylvia communis,Brassica incana,,,,Yellow,Ventotene Island,40.786667,13.412139,"Cecere, 2011 (b)","Nectar, and energy drink used by European songbirds during migration",Native,Maquis,Potential Pollination
line:xlsx:hash://md5/a145956849e70f1eeae954ee4b4f8f07!/All%20data!/L26,application/vnd.openxmlformats-officedocument.spreadsheetml.sheet,Bird,Sylvia borin,Brassica incana,,,,Yellow,Ventotene Island,40.786667,13.412139,"Cecere, 2011 (b)","Nectar, and energy drink used by European songbirds during migration",Native,Maquis,Potential Pollination
line:xlsx:hash://md5/a145956849e70f1eeae954ee4b4f8f07!/All%20data!/L27,application/vnd.openxmlformats-officedocument.spreadsheetml.sheet,Bird,Sylvia melanocephala,Brassica incana,,,,Yellow,Ventotene Island,40.786667,13.412139,"Cecere, 2011 (b)","Nectar, and energy drink used by European songbirds during migration",Native,Maquis,Potential Pollination
line:xlsx:hash://md5/a145956849e70f1eeae954ee4b4f8f07!/All%20data!/L28,application/vnd.openxmlformats-officedocument.spreadsheetml.sheet,Bird,Sylvia cantillans,Brassica incana,,,,Yellow,Ventotene Island,40.786667,13.412139,"Cecere, 2011 (b)","Nectar, and energy drink used by European songbirds during migration",Native,Maquis,Potential Pollination
line:xlsx:hash://md5/a145956849e70f1eeae954ee4b4f8f07!/All%20data!/L29,application/vnd.openxmlformats-officedocument.spreadsheetml.sheet,Bird,Sylvia cantillans,Brassica oleracea,5.34,,,Yellow,Ventotene Island,40.786667,13.412139,"Cecere, 2011 (a)",Birds outnumber insects in visiting Brassica flowers on Ventotene island (central Mediterranean).pdf,Native,Maquis,Potential Pollination
line:xlsx:hash://md5/a145956849e70f1eeae954ee4b4f8f07!/All%20data!/L30,application/vnd.openxmlformats-officedocument.spreadsheetml.sheet,Bird,Sylvia communis,Brassica oleracea ,5.34,,,Yellow,Ventotene Island,40.786667,13.412139,"Cecere, 2011 (a)",Birds outnumber insects in visiting Brassica flowers on Ventotene island (central Mediterranean).pdf,Native,Maquis,Potential Pollination
line:xlsx:hash://md5/a145956849e70f1eeae954ee4b4f8f07!/All%20data!/L31,application/vnd.openxmlformats-officedocument.spreadsheetml.sheet,Bird,Sylvia borin,Brassica oleracea ,5.34,,,Yellow,Ventotene Island,40.786667,13.412139,"Cecere, 2011 (a)",Birds outnumber insects in visiting Brassica flowers on Ventotene island (central Mediterranean).pdf,Native,Maquis,Potential Pollination
line:xlsx:hash://md5/a145956849e70f1eeae954ee4b4f8f07!/All%20data!/L32,application/vnd.openxmlformats-officedocument.spreadsheetml.sheet,Lizard,Podarcis lilfordi,Calendula arvensis,,,,Yellow,Aire Island,39.801194,4.290528,"Peréz-Mellado, 2000","Pollen load and transport by the insular lizard, Podarcis lilfordi (Squamata, Lacertidae) in coastal islets of Menorca (Balearic Islands, Spain)",Native,Cultivated fields,Potential Pollination (Pollen Grains found on lizard)
line:xlsx:hash://md5/a145956849e70f1eeae954ee4b4f8f07!/All%20data!/L33,application/vnd.openxmlformats-officedocument.spreadsheetml.sheet,Lizard,Podarcis lilfordi,Calendula arvensis,,,,Yellow,Aire; Rei; Sanitja Island,39.801194,4.290528,"Romera-Egea, 2023",Assessing the role of lizards as potential pollinators,Native,Insular Plant Community ,Legitimate Visit
line:xlsx:hash://md5/a145956849e70f1eeae954ee4b4f8f07!/All%20data!/L34,application/vnd.openxmlformats-officedocument.spreadsheetml.sheet,Bird,Phylloscopus collybita,Canarina canariensis,0.008,53,12.2,Red-orange,Tenerife,28.416778,-16.398944,"Valido, 2004",Bird flower interactions in Macronesian islands,Native,Laurel Forest,Legitimate Visit (Observed)
line:xlsx:hash://md5/a145956849e70f1eeae954ee4b4f8f07!/All%20data!/L35,application/vnd.openxmlformats-officedocument.spreadsheetml.sheet,Bird,Sylvia melanocephala,Canarina canariensis,0.002,53,12.2,Red-orange,Tenerife,28.416778,-16.398944,"Valido, 2004",Bird flower interactions in Macronesian islands,Native,Laurel Forest,Legitimate Visit (Observed)
line:xlsx:hash://md5/a145956849e70f1eeae954ee4b4f8f07!/All%20data!/L36,application/vnd.openxmlformats-officedocument.spreadsheetml.sheet,Bird,Sylvia conspicillata,Canarina canariensis,,53,12.2,Red-orange,Tenerife,28.416778,-16.398944,"Valido, 2004",Bird flower interactions in Macronesian islands,Native,Laurel Forest,Legitimate Visit (Observed)
line:xlsx:hash://md5/a145956849e70f1eeae954ee4b4f8f07!/All%20data!/L37,application/vnd.openxmlformats-officedocument.spreadsheetml.sheet,Bird,Phylloscopus canariensis,Canarina canariensis,,109.8,16.4,Red-orange,Tenerife,28.416778,-16.398944,"Ollerton, 2008",Bird Pollination of Canary Island endemic plants,Native,Laurel forest (High-altitude),Legitimate Visit (Observed)
line:xlsx:hash://md5/a145956849e70f1eeae954ee4b4f8f07!/All%20data!/L38,application/vnd.openxmlformats-officedocument.spreadsheetml.sheet,Bird,Cyanistes teneriffae,Canarina canariensis,,86.8,14,Red-orange,Tenerife,28.416778,-16.398944,"Rodriguez-Rodriguez, 2011",Consequences of plant-pollinator and floral-herbivore interactions on the reproductive success of the Canary Islands endemic Canarina canariensis (Campanulaceae),Native,Laurel Forest,Legitimate Visit (Observed)
line:xlsx:hash://md5/a145956849e70f1eeae954ee4b4f8f07!/All%20data!/L39,application/vnd.openxmlformats-officedocument.spreadsheetml.sheet,Bird,Phylloscopus canariensis,Canarina canariensis,,86.8,14,Red-orange,Tenerife,28.416778,-16.398944,"Rodriguez-Rodriguez, 2011",Consequences of plant-pollinator and floral-herbivore interactions on the reproductive success of the Canary Islands endemic Canarina canariensis (Campanulaceae),Native,Laurel Forest,Legitimate Visit (Observed)
line:xlsx:hash://md5/a145956849e70f1eeae954ee4b4f8f07!/All%20data!/L40,application/vnd.openxmlformats-officedocument.spreadsheetml.sheet,Lizard,Gallotia galloti,Canarina canariensis,,,,Red-orange,Tenerife,28.416778,-16.398944,"Rodriguez-Rodriguez, 2011",Consequences of plant-pollinator and floral-herbivore interactions on the reproductive success of the Canary islands endemic Canarina canariensis (Campanulaceae),Native,Thermosclerophyllous woodland relicts,"Pollination/Legitimate Visit (Minor role, interactions seemed legitimate, lizard contacted stigmas)"
line:xlsx:hash://md5/a145956849e70f1eeae954ee4b4f8f07!/All%20data!/L41,application/vnd.openxmlformats-officedocument.spreadsheetml.sheet,Bird,Phylloscopus collybita,Canarina canariensis ,,,,Red-orange,"Baranco del Infierno, Adeje, Tenerife",28.126167,-16.721944,"Olsen, 1985",The Macaronesian bird-flower element and its relation to bird and bee opportunists .pdf,Native,Laurel forest (High-altitude),Nectarivory (potential pollination)
line:xlsx:hash://md5/a145956849e70f1eeae954ee4b4f8f07!/All%20data!/L42,application/vnd.openxmlformats-officedocument.spreadsheetml.sheet,Bird,Sylvia melanocephala,Canarina canariensis ,,,,Red-orange,"Baranco del Infierno, Adeje, Tenerife",28.126167,-16.721944,"Olsen, 1985",The Macaronesian bird-flower element and its relation to bird and bee opportunists .pdf,Native,Laurel forest (High-altitude),Nectarivory (potential pollination)
line:xlsx:hash://md5/a145956849e70f1eeae954ee4b4f8f07!/All%20data!/L43,application/vnd.openxmlformats-officedocument.spreadsheetml.sheet,Bird,Sylvia conspicillata,Canarina canariensis ,,,,Red-orange,"Baranco del Infierno, Adeje, Tenerife",28.126167,-16.721944,"Olsen, 1985",The Macaronesian bird-flower element and its relation to bird and bee opportunists .pdf,Native,Laurel forest (High-altitude),Nectarivory (potential pollination)
line:xlsx:hash://md5/a145956849e70f1eeae954ee4b4f8f07!/All%20data!/L44,application/vnd.openxmlformats-officedocument.spreadsheetml.sheet,Lizard,Podarcis lilfordi,Capparix inermis,,,,White,Rei Island,39.887167,4.287222,"Peréz-Mellado, 2000","Pollen load and transport by the insular lizard, Podarcis lilfordi (Squamata, Lacertidae) in coastal islets of Menorca (Balearic Islands, Spain)",Native,Coastal scrub,Potential Pollination (Pollen Grains found on lizard)
line:xlsx:hash://md5/a145956849e70f1eeae954ee4b4f8f07!/All%20data!/L45,application/vnd.openxmlformats-officedocument.spreadsheetml.sheet,Lizard,Teira dugesii,Capscium annum,,,,White,Caminho de Ladeira,32.667222,-16.938611,"Camara, 2025",Teira dugesii (Squamata: Lacertidae) visiting flowers: new observations and a review,Introduced,NA,Legitimate Visit
line:xlsx:hash://md5/a145956849e70f1eeae954ee4b4f8f07!/All%20data!/L46,application/vnd.openxmlformats-officedocument.spreadsheetml.sheet,Lizard,Podarcis lilfordi,Carlina corymbosa,,,,Yellow,Aire; Rei Island,39.801194,4.290528,"Peréz-Mellado, 2000","Pollen load and transport by the insular lizard, Podarcis lilfordi (Squamata, Lacertidae) in coastal islets of Menorca (Balearic Islands, Spain)",Native,Dry grasslands / rocky slopes / open scrub,Potential Pollination (Pollen Grains found on lizard)
line:xlsx:hash://md5/a145956849e70f1eeae954ee4b4f8f07!/All%20data!/L47,application/vnd.openxmlformats-officedocument.spreadsheetml.sheet,Lizard,Teira dugesii,Carpobrotus edulis,,,,Purple,Rua Nova da Igeja Funchal,32.648611,-16.884444,"Camara, 2025",Teira dugesii (Squamata: Lacertidae) visiting flowers: new observations and a review,Introduced,Herbaceous shrubland,Legitimate Visit
line:xlsx:hash://md5/a145956849e70f1eeae954ee4b4f8f07!/All%20data!/L48,application/vnd.openxmlformats-officedocument.spreadsheetml.sheet,Lizard,Podarcis lilfordi,Centrathus calcitrapae,,,,Pink-white,Cabrera Gran,39.142167,2.945194,"Romera-Egea, 2023",Assessing the role of lizards as potential pollinators,Native,Insular Plant Community ,Legitimate Visit
line:xlsx:hash://md5/a145956849e70f1eeae954ee4b4f8f07!/All%20data!/L49,application/vnd.openxmlformats-officedocument.spreadsheetml.sheet,Lizard,Podarcis lilfordi,Chenopodium murale,,,,White,Aire Island,39.801194,4.290528,"Peréz-Mellado, 2000","Pollen load and transport by the insular lizard, Podarcis lilfordi (Squamata, Lacertidae) in coastal islets of Menorca (Balearic Islands, Spain)",Native,Disturbed,Potential Pollination (Pollen Grains found on lizard)
line:xlsx:hash://md5/a145956849e70f1eeae954ee4b4f8f07!/All%20data!/L50,application/vnd.openxmlformats-officedocument.spreadsheetml.sheet,Lizard,Podarcis lilfordi,Cistus monspeliensis,,,,White,Cabrera Gran,39.142167,2.945194,"Romera-Egea, 2023",Assessing the role of lizards as potential pollinators,Native,Insular Plant Community ,"Legitimate Visit (Quantitatively important interaction, potential pollination)"
line:xlsx:hash://md5/a145956849e70f1eeae954ee4b4f8f07!/All%20data!/L51,application/vnd.openxmlformats-officedocument.spreadsheetml.sheet,Lizard,Podarcis lilfordi,Cneorum tricoccon,0.95,0.625,>50,Yellow,"Sa Dragonera Natural Park, Balearic Islands","39.583333,",2.316667,"Fuster, 2020",Importance of intraspecific variation in the pollination and seed dispersal functions of a double mutualist animal species.,Native,Mediterranean shrub,"Legitimate Pollinator (Contributes significantly to pollination, constitutes a double mutualism)"
line:xlsx:hash://md5/a145956849e70f1eeae954ee4b4f8f07!/All%20data!/L52,application/vnd.openxmlformats-officedocument.spreadsheetml.sheet,Lizard,Podarcis lilfordi,Compositae spp.,,,,NA,Aire; Rei Island,39.801194,4.290528,"Peréz-Mellado, 2000","Pollen load and transport by the insular lizard, Podarcis lilfordi (Squamata, Lacertidae) in coastal islets of Menorca (Balearic Islands, Spain)",NA,NA,Potential Pollination (Pollen Grains found on lizard)
line:xlsx:hash://md5/a145956849e70f1eeae954ee4b4f8f07!/All%20data!/L53,application/vnd.openxmlformats-officedocument.spreadsheetml.sheet,Lizard,Podarcis lilfordi,Crithmum maritimum,,,,Yellow,Aire Island; Sanitja Islet,39.801194,4.290528,"Peréz-Mellado, 2000","Pollen load and transport by the insular lizard, Podarcis lilfordi (Squamata, Lacertidae) in coastal islets of Menorca (Balearic Islands, Spain)",Native,Coastal,Potential Pollination (Pollen Grains found on lizard)
line:xlsx:hash://md5/a145956849e70f1eeae954ee4b4f8f07!/All%20data!/L54,application/vnd.openxmlformats-officedocument.spreadsheetml.sheet,Lizard,Teira dugesii,Crithmum maritimum,,,,Yellow,"Lido, Funchal",32.636389,-16.934444,"Camara, 2025",Teira dugesii (Squamata: Lacertidae) visiting flowers: new observations and a review,Native,Herbaceous shrubland,Legitimate Visit
line:xlsx:hash://md5/a145956849e70f1eeae954ee4b4f8f07!/All%20data!/L55,application/vnd.openxmlformats-officedocument.spreadsheetml.sheet,Lizard,Podarcis lilfordi,Crithmum maritimum,,,,Yellow,Santija Islet,40.092561,4.07567,"Peréz-Mellado, 1997",Pollination by a Lizard on a Mediterranean Island,Native,Coastal Islet,Effective Pollination
line:xlsx:hash://md5/a145956849e70f1eeae954ee4b4f8f07!/All%20data!/L56,application/vnd.openxmlformats-officedocument.spreadsheetml.sheet,Lizard,Teira dugesii,Cynara cardunculus,,,,Purple,NA,NA,NA,Beyhl 1991,Beyhl 1990,Native,Scrubland,NA
line:xlsx:hash://md5/a145956849e70f1eeae954ee4b4f8f07!/All%20data!/L57,application/vnd.openxmlformats-officedocument.spreadsheetml.sheet,Lizard,Podarcis lilfordi,Daphne rodriguezii,,,,Pink-white,"Colom, Menorca",39.958,4.278,"Calviño-Cancela, 2012","The role of seed dispersal, pollination and historical effects on genetic patterns of an insular plant that has lost its only seed disperser",Native,Coastal shrub,Potential Pollinator
line:xlsx:hash://md5/a145956849e70f1eeae954ee4b4f8f07!/All%20data!/L58,application/vnd.openxmlformats-officedocument.spreadsheetml.sheet,Lizard,Podarcis lilfordi,Daucus carota,,,,White,Cabrera Gran,39.142167,2.945194,"Romera-Egea, 2023",Assessing the role of lizards as potential pollinators,Native,Insular Plant Community ,"Legitimate Visit (High Interaction Rate, potential pollination)"
line:xlsx:hash://md5/a145956849e70f1eeae954ee4b4f8f07!/All%20data!/L59,application/vnd.openxmlformats-officedocument.spreadsheetml.sheet,Lizard,Podarcis lilfordi,Dracunculus muscivorus,,,,Pink,Aire Island,39.801194,4.290528,"Perez-Mellado, 2006",A complex case of interaction between lizard and plants. The dead horse arum (Dracunculus muscivorus) and the Balearic lizard (Podarcis lilfordi),Native,"Rocky, humid areas",Negligible
line:xlsx:hash://md5/a145956849e70f1eeae954ee4b4f8f07!/All%20data!/L60,application/vnd.openxmlformats-officedocument.spreadsheetml.sheet,Lizard,Tarentola delalandii,Dypsis lutescens,,,,Yellow,Tenerife,28.416778,-16.398944,"Koppetsch, 2020","A new record of nectarivory for Tarentola delalandii (Duméril and Bibron, 1836) pollinating the introduced palm Dypsis lutescens (H.Wendl.) Beentje and J.Dransf. (Arecaceae) on Tenerife, Canary Islands",Exotic,Introduced palm setting,Nectarivory/Potential Pollination (Observed feeding on nectar)
line:xlsx:hash://md5/a145956849e70f1eeae954ee4b4f8f07!/All%20data!/L61,application/vnd.openxmlformats-officedocument.spreadsheetml.sheet,Lizard,Podarcis lilfordi,Ecballium elaterium,,,,Yellow,Rei Island,39.887167,4.287222,"Peréz-Mellado, 2000","Pollen load and transport by the insular lizard, Podarcis lilfordi (Squamata, Lacertidae) in coastal islets of Menorca (Balearic Islands, Spain)",Native,Dry disturbed / rocky ground,Potential Pollination (Pollen Grains found on lizard)
line:xlsx:hash://md5/a145956849e70f1eeae954ee4b4f8f07!/All%20data!/L62,application/vnd.openxmlformats-officedocument.spreadsheetml.sheet,Lizard,Teira dugesii,Echeveria atropurpurea,,,,Pink,"Garajau, Santa Cruz",32.637028,-16.851194,"Elvers, 1977","Elvers, I. (1977) Flower-visiting lizards on Madeira",Ornamental,NA,NA
line:xlsx:hash://md5/a145956849e70f1eeae954ee4b4f8f07!/All%20data!/L63,application/vnd.openxmlformats-officedocument.spreadsheetml.sheet,Lizard,Teira dugesii,Echium candicans,3.83,,,Purple-blue,Madeira,32.690972,-16.801194,"Esposito, 2021","Foraging Behavior and Pollen Transport by Flower Visitors of the Madeira Island Endemic Echium candicans.  AND The pollinator community of the Madeiran endemic Echium candicans: individual-based network metrics, relation with plant traits, and pollinator behaviour.",Native,High-altitude sub-alpine desert or high mountain scrubland ,Potential Pollinator (Observed visiting flowers)
line:xlsx:hash://md5/a145956849e70f1eeae954ee4b4f8f07!/All%20data!/L64,application/vnd.openxmlformats-officedocument.spreadsheetml.sheet,Bird,Phylloscopus collybita,Echium decaisnei ,,NA,10,White,Tenerife,28.416778,-16.398944,"Valido, 2004",Bird flower interactions in Macronesian islands,Native,Semidesert,Legitimate Visit (Observed)
line:xlsx:hash://md5/a145956849e70f1eeae954ee4b4f8f07!/All%20data!/L65,application/vnd.openxmlformats-officedocument.spreadsheetml.sheet,Bird,Sylvia melanocephala,Echium decaisnei ,,NA,10,White,Tenerife,28.416778,-16.398944,"Valido, 2004",Bird flower interactions in Macronesian islands,Native,Semidesert,Legitimate Visit (Observed)
line:xlsx:hash://md5/a145956849e70f1eeae954ee4b4f8f07!/All%20data!/L66,application/vnd.openxmlformats-officedocument.spreadsheetml.sheet,Bird,Sylvia conspicillata,Echium decaisnei ,,NA,10,White,Tenerife,28.416778,-16.398944,"Valido, 2004",Bird flower interactions in Macronesian islands,Native,Semidesert,Legitimate Visit (Observed)
line:xlsx:hash://md5/a145956849e70f1eeae954ee4b4f8f07!/All%20data!/L67,application/vnd.openxmlformats-officedocument.spreadsheetml.sheet,Lizard,Teira dugesii,Echium nervosum,,,,Purple-blue,Caminho Real do Paul do Mar,32.752361,-17.217167,"Camara, 2025",Teira dugesii (Squamata: Lacertidae) visiting flowers: new observations and a review,Native,Herbaceous shrubland,Legitimate Visit
line:xlsx:hash://md5/a145956849e70f1eeae954ee4b4f8f07!/All%20data!/L68,application/vnd.openxmlformats-officedocument.spreadsheetml.sheet,Lizard,Teira dugesii,Echium nervosum,,,,Purple-blue,"Garajau, Santa Cruz",32.637028,-16.851194,"Elvers, 1977","Elvers, I. (1977) Flower-visiting lizards on Madeira",Native,Coastal rocky shrub,Legitimate Visit
line:xlsx:hash://md5/a145956849e70f1eeae954ee4b4f8f07!/All%20data!/L69,application/vnd.openxmlformats-officedocument.spreadsheetml.sheet,Lizard,Gallotia galloti,Echium simplex,0.0003,1570,16.91,White,Tenerife,28.416778,-16.398944,"Jaca, 2019",Reproductive success of the Canarian Echium simplex (Boraginaceae) mediated by vertebrates and insects.,Native,Mountainous shrub,Flower Visitation/Nectarivory (Seen lapping nectar; negligible effect on fitness compared to insects/birds)
line:xlsx:hash://md5/a145956849e70f1eeae954ee4b4f8f07!/All%20data!/L70,application/vnd.openxmlformats-officedocument.spreadsheetml.sheet,Bird,Sylvia atricapilla,Echium simplex,0.011,1570,16.91,White,Tenerife,28.416778,-16.398944,"Jaca, 2019",Reproductive success of the Canarian Echium simplex Boraginaceae mediated by vertebrates.pdf,Native,Scrubland / rocky cliffs,Negligible
line:xlsx:hash://md5/a145956849e70f1eeae954ee4b4f8f07!/All%20data!/L71,application/vnd.openxmlformats-officedocument.spreadsheetml.sheet,Bird,Sylvia melanocephala,Echium simplex,0.011,1570,16.91,White,Tenerife,28.416778,-16.398944,"Jaca, 2019",Reproductive success of the Canarian Echium simplex Boraginaceae mediated by vertebrates.pdf,Native,Scrubland / rocky cliffs,Negligible
line:xlsx:hash://md5/a145956849e70f1eeae954ee4b4f8f07!/All%20data!/L72,application/vnd.openxmlformats-officedocument.spreadsheetml.sheet,Bird,Cyanistes teneriffae,Echium simplex,0.036,1570,16.91,White,Tenerife,28.416778,-16.398944,"Jaca, 2019",Reproductive success of the Canarian Echium simplex Boraginaceae mediated by vertebrates.pdf,Native,Scrubland / rocky cliffs,Negligible
line:xlsx:hash://md5/a145956849e70f1eeae954ee4b4f8f07!/All%20data!/L73,application/vnd.openxmlformats-officedocument.spreadsheetml.sheet,Bird,Phylloscopus canariensis,Echium simplex ,0.015,1570,16.91,White,Tenerife,28.416778,-16.398944,"Jaca, 2019",Reproductive success of the Canarian Echium simplex Boraginaceae mediated by vertebrates.pdf,Native,Scrubland / rocky cliffs,Negligible
line:xlsx:hash://md5/a145956849e70f1eeae954ee4b4f8f07!/All%20data!/L74,application/vnd.openxmlformats-officedocument.spreadsheetml.sheet,Bird,Serinus canarius,Echium simplex ,0.008,1570,16.91,White,Tenerife,28.416778,-16.398944,"Jaca, 2019",Reproductive success of the Canarian Echium simplex Boraginaceae mediated by vertebrates.pdf,Native,Scrubland / rocky cliffs,Negligible
line:xlsx:hash://md5/a145956849e70f1eeae954ee4b4f8f07!/All%20data!/L75,application/vnd.openxmlformats-officedocument.spreadsheetml.sheet,Bird,Serinus canarius,Echium virescens,2.94,,,Purple,Tenerife,28.416778,-16.398944,"Valido, 2004",Bird flower interactions in Macronesian islands,Native,Semidesert,Legitimate Visit (Observed)
line:xlsx:hash://md5/a145956849e70f1eeae954ee4b4f8f07!/All%20data!/L76,application/vnd.openxmlformats-officedocument.spreadsheetml.sheet,Bird,Serinus canarius,Echium wildpretii,2.94,21,15,Pink,Tenerife,28.416778,-16.398944,"Valido, 2004",Bird flower interactions in Macronesian islands,Native,Subalpine shrub and pine forest,Legitimate Visit (Observed)
line:xlsx:hash://md5/a145956849e70f1eeae954ee4b4f8f07!/All%20data!/L77,application/vnd.openxmlformats-officedocument.spreadsheetml.sheet,Bird,Cyanistes caeruleus,Echium wildpretii,,21,15,Pink,Tenerife,28.416778,-16.398944,"Valido, 2004",Bird flower interactions in Macronesian islands,Native,Subalpine shrub and pine forest,Legitimate Visit (Observed)
line:xlsx:hash://md5/a145956849e70f1eeae954ee4b4f8f07!/All%20data!/L78,application/vnd.openxmlformats-officedocument.spreadsheetml.sheet,Bird,Phylloscopus collybita,Echium wildpretii,0.56,21,15,Pink,Tenerife,28.416778,-16.398944,"Valido, 2004",Bird flower interactions in Macronesian islands,Native,Subalpine shrub and pine forest,Legitimate Visit (Observed)
line:xlsx:hash://md5/a145956849e70f1eeae954ee4b4f8f07!/All%20data!/L79,application/vnd.openxmlformats-officedocument.spreadsheetml.sheet,Lizard,Gallotia galloti,Echium wildpretii,,,,Pink,Tenerife,28.416778,-16.398944,"Valido, 2002","Native birds and insects, and introduced honey bees visiting Echium wildpretii (Boraginaceae) in the Canary Islands",Native,High-altitude sub-alpine desert or high mountain scrubland ,Legitimate Visit
line:xlsx:hash://md5/a145956849e70f1eeae954ee4b4f8f07!/All%20data!/L80,application/vnd.openxmlformats-officedocument.spreadsheetml.sheet,Bird,Phylloscopus collybita,Echium wildpretii,,,,Pink,Tenerife,28.416778,-16.398944,"Valido, 2002","Native birds and insects, and introduced honey bees visiting Echium wildpretii (Boraginaceae) in the Canary Islands.pdf",Native,Subalpine shrub,Potential Pollination
line:xlsx:hash://md5/a145956849e70f1eeae954ee4b4f8f07!/All%20data!/L81,application/vnd.openxmlformats-officedocument.spreadsheetml.sheet,Bird,Serinus canarius,Echium wildpretii ,,,,Pink,Tenerife,28.416778,-16.398944,"Valido, 2002","Native birds and insects, and introduced honey bees visiting Echium wildpretii (Boraginaceae) in the Canary Islands.pdf",Native,Subalpine shrub,Potential Pollination
line:xlsx:hash://md5/a145956849e70f1eeae954ee4b4f8f07!/All%20data!/L82,application/vnd.openxmlformats-officedocument.spreadsheetml.sheet,Lizard,Podarcis lilfordi,Ephedra fragilis,0.71,,drops (high Conc.),Pink,"Sa Dragonera Natural Park, Balearic Islands","39.583333,",2.316667,"Fuster, 2019","Evidence for a double mutualistic interaction between a lizard and a Mediterranean gymnosperm, Ephedra fragilis",Native,Mediterranean shrub / Scrubland,Legitimate Visit/Pollination (Pollination via nectar drop; qualitatively contributes to pollination success by increasing germination of small seeds)
line:xlsx:hash://md5/a145956849e70f1eeae954ee4b4f8f07!/All%20data!/L83,application/vnd.openxmlformats-officedocument.spreadsheetml.sheet,Lizard,Podarcis lilfordi,Ephedra fragilis,,,,Pink,"Sa Dragonera Natural Park, Balearic Islands","39.583333,",2.316667,"Celedón-Neghme, 2016",The role of pollination drops in animal pollination in the Mediterranean gymnosperm e. fragilis,Native,Mediterranean shrub,Effective Pollination
line:xlsx:hash://md5/a145956849e70f1eeae954ee4b4f8f07!/All%20data!/L84,application/vnd.openxmlformats-officedocument.spreadsheetml.sheet,Lizard,Podarcis lilfordi,Erodium sp,,,,NA,Aire Island,39.801194,4.290528,"Peréz-Mellado, 2000","Pollen load and transport by the insular lizard, Podarcis lilfordi (Squamata, Lacertidae) in coastal islets of Menorca (Balearic Islands, Spain)",Native,NA,Potential Pollination (Pollen Grains found on lizard)
line:xlsx:hash://md5/a145956849e70f1eeae954ee4b4f8f07!/All%20data!/L85,application/vnd.openxmlformats-officedocument.spreadsheetml.sheet,Lizard,Podarcis lilfordi,Euphorbia dendroides,5.4,,,Yellow,Cabrera Gran,39.142167,2.945194,"Traveset, 1997",Pollination of Euphorbia dendroides by lizards and insects: Spatio-temporal variation in patterns of flower visitation,Native,Mediterranean shrub / Scrubland,"Effective Pollination (Empirically demonstrated, moves large quantities of pollen)"
line:xlsx:hash://md5/a145956849e70f1eeae954ee4b4f8f07!/All%20data!/L86,application/vnd.openxmlformats-officedocument.spreadsheetml.sheet,Lizard,Tarentola delalandii,Euphorbia lamarckii,,,,Yellow,La Palma,28.585861,-17.848611,"Hernandez-Teixidor, ",First record of geckos visiting flowers in the Palaearctic Ecozone,Native,Scrubland,Flower Visitation / Nectarivory
line:xlsx:hash://md5/a145956849e70f1eeae954ee4b4f8f07!/All%20data!/L87,application/vnd.openxmlformats-officedocument.spreadsheetml.sheet,Lizard,Teira dugesii,Euphorbia milii,,,,NA,Rua Nova da Igeja Funchal,32.648611,-16.884444,"Camara, 2025",Teira dugesii (Squamata: Lacertidae) visiting flowers: new observations and a review,Ornamental,NA,Legitimate Visit
line:xlsx:hash://md5/a145956849e70f1eeae954ee4b4f8f07!/All%20data!/L88,application/vnd.openxmlformats-officedocument.spreadsheetml.sheet,Lizard,Teira dugesii,Euphorbia piscatoria,,,,NA,"Porto Novo, Santa Cruz",32.662222,-16.808056,"Camara, 2025",Teira dugesii (Squamata: Lacertidae) visiting flowers: new observations and a review,Native,Herbaceous shrubland,Legitimate Visit
line:xlsx:hash://md5/a145956849e70f1eeae954ee4b4f8f07!/All%20data!/L89,application/vnd.openxmlformats-officedocument.spreadsheetml.sheet,Lizard,Teira dugesii,Euphorbia pulcherrina,,,,NA,Funchal,32.644667,-16.924417,Beyhl 1991,Beyhl 1990,Ornamental,NA,NA
line:xlsx:hash://md5/a145956849e70f1eeae954ee4b4f8f07!/All%20data!/L90,application/vnd.openxmlformats-officedocument.spreadsheetml.sheet,Lizard,Podarcis lilfordi,Euphorbia segetalis,,,,Yellow,Cabrera Gran,39.142167,2.945194,"Romera-Egea, 2023",Assessing the role of lizards as potential pollinators,Native,Insular Plant Community ,Legitimate Visit (Observed interaction in community study)
line:xlsx:hash://md5/a145956849e70f1eeae954ee4b4f8f07!/All%20data!/L91,application/vnd.openxmlformats-officedocument.spreadsheetml.sheet,Lizard,Podarcis lilfordi,Euphorbia segetalis,,,,Yellow,Cabrera Gran,39.142167,2.945194,"Romera-Egea, 2023",Assessing the role of lizards as potential pollinators,Native,Insular Plant Community ,Legitimate Visit
line:xlsx:hash://md5/a145956849e70f1eeae954ee4b4f8f07!/All%20data!/L92,application/vnd.openxmlformats-officedocument.spreadsheetml.sheet,Lizard,Podarcis lilfordi,Euphorbia spp.,,,,NA,Aire; Rei Island,39.801194,4.290528,"Peréz-Mellado, 2000","Pollen load and transport by the insular lizard, Podarcis lilfordi (Squamata, Lacertidae) in coastal islets of Menorca (Balearic Islands, Spain)",Native,NA,Potential Pollination (Pollen Grains found on lizard)
line:xlsx:hash://md5/a145956849e70f1eeae954ee4b4f8f07!/All%20data!/L93,application/vnd.openxmlformats-officedocument.spreadsheetml.sheet,Bird,Sylvia atricapilla,Ferula communis,,,,Yellow,Ventotene Island,40.786667,13.412139,"Cecere, 2011 (b)","Nectar, and energy drink used by European songbirds during migration",Native,Maquis,Potential Pollination
line:xlsx:hash://md5/a145956849e70f1eeae954ee4b4f8f07!/All%20data!/L94,application/vnd.openxmlformats-officedocument.spreadsheetml.sheet,Bird,Phylloscopus collybita,Ferula communis,,,,Yellow,Ventotene Island,40.786667,13.412139,"Cecere, 2011 (b)","Nectar, and energy drink used by European songbirds during migration",Native,Maquis,Potential Pollination
line:xlsx:hash://md5/a145956849e70f1eeae954ee4b4f8f07!/All%20data!/L95,application/vnd.openxmlformats-officedocument.spreadsheetml.sheet,Bird,Sylvia communis,Ferula communis,,,,Yellow,Ventotene Island,40.786667,13.412139,"Cecere, 2011 (b)","Nectar, and energy drink used by European songbirds during migration",Native,Maquis,Potential Pollination
line:xlsx:hash://md5/a145956849e70f1eeae954ee4b4f8f07!/All%20data!/L96,application/vnd.openxmlformats-officedocument.spreadsheetml.sheet,Bird,Sylvia borin,Ferula communis,,,,Yellow,Ventotene Island,40.786667,13.412139,"Cecere, 2011 (b)","Nectar, and energy drink used by European songbirds during migration",Native,Maquis,Potential Pollination
line:xlsx:hash://md5/a145956849e70f1eeae954ee4b4f8f07!/All%20data!/L97,application/vnd.openxmlformats-officedocument.spreadsheetml.sheet,Bird,Sylvia melanocephala,Ferula communis,,,,Yellow,Ventotene Island,40.786667,13.412139,"Cecere, 2011 (b)","Nectar, and energy drink used by European songbirds during migration",Native,Maquis,Potential Pollination
line:xlsx:hash://md5/a145956849e70f1eeae954ee4b4f8f07!/All%20data!/L98,application/vnd.openxmlformats-officedocument.spreadsheetml.sheet,Bird,Sylvia conspicillata,Ferula communis,,,,Yellow,Ventotene Island,40.786667,13.412139,"Cecere, 2011 (b)","Nectar, and energy drink used by European songbirds during migration",Native,Maquis,Potential Pollination
line:xlsx:hash://md5/a145956849e70f1eeae954ee4b4f8f07!/All%20data!/L99,application/vnd.openxmlformats-officedocument.spreadsheetml.sheet,Bird,Sylvia cantillans,Ferula communis,,,,Yellow,Ventotene Island,40.786667,13.412139,"Cecere, 2011 (b)","Nectar, and energy drink used by European songbirds during migration",Native,Maquis,Potential Pollination
line:xlsx:hash://md5/a145956849e70f1eeae954ee4b4f8f07!/All%20data!/L100,application/vnd.openxmlformats-officedocument.spreadsheetml.sheet,Bird,Phylloscopus trochilus,Ferula communis,,,,Yellow,Ventotene Island,40.786667,13.412139,"Cecere, 2011 (b)","Nectar, and energy drink used by European songbirds during migration",Native,Maquis,Potential Pollination
line:xlsx:hash://md5/a145956849e70f1eeae954ee4b4f8f07!/All%20data!/L101,application/vnd.openxmlformats-officedocument.spreadsheetml.sheet,Lizard,Teira dugesii,Ficus carica,,,,White,"Rua do Lazareto, Funchal",32.647278,-16.890917,"Camara, 2025",Teira dugesii (Squamata: Lacertidae) visiting flowers: new observations and a review,Introduced,NA,Legitimate Visit
line:xlsx:hash://md5/a145956849e70f1eeae954ee4b4f8f07!/All%20data!/L102,application/vnd.openxmlformats-officedocument.spreadsheetml.sheet,Lizard,Teira dugesii,Foeniculum vulgare,,,,Yellow,Miradouro de S Sebastiao,32.67,-17.062778,"Camara, 2025",Teira dugesii (Squamata: Lacertidae) visiting flowers: new observations and a review,Native,Herbaceous shrubland,Legitimate Visit
line:xlsx:hash://md5/a145956849e70f1eeae954ee4b4f8f07!/All%20data!/L103,application/vnd.openxmlformats-officedocument.spreadsheetml.sheet,Lizard,Teira dugesii,Foeniculum vulgare,,,,Yellow,Ribeira Brava,32.673,-17.068556,"Szeimer, 2010",Szeimer 2010,Native,Coastal scrub,Legitimate Visit
line:xlsx:hash://md5/a145956849e70f1eeae954ee4b4f8f07!/All%20data!/L104,application/vnd.openxmlformats-officedocument.spreadsheetml.sheet,Lizard,Podarcis lilfordi,Geranium molle,,,,Purple,Cabrera Gran,39.142167,2.945194,"Romera-Egea, 2023",Assessing the role of lizards as potential pollinators,Native,Insular Plant Community ,Legitimate Visit
line:xlsx:hash://md5/a145956849e70f1eeae954ee4b4f8f07!/All%20data!/L105,application/vnd.openxmlformats-officedocument.spreadsheetml.sheet,Lizard,Podarcis lilfordi,Geranium rotundifolium,,,,Purple,Aire; Rei Island,39.801194,4.290528,"Peréz-Mellado, 2000","Pollen load and transport by the insular lizard, Podarcis lilfordi (Squamata, Lacertidae) in coastal islets of Menorca (Balearic Islands, Spain)",Native,Disturbed,Potential Pollination (Pollen Grains found on lizard)
line:xlsx:hash://md5/a145956849e70f1eeae954ee4b4f8f07!/All%20data!/L106,application/vnd.openxmlformats-officedocument.spreadsheetml.sheet,Lizard,Teira dugesii,Gladiolus spp.,,,,,Rua Nova da Igeja Funchal,32.648611,-16.884444,"Camara, 2025",Teira dugesii (Squamata: Lacertidae) visiting flowers: new observations and a review,Ornamental,NA,Legitimate Visit
line:xlsx:hash://md5/a145956849e70f1eeae954ee4b4f8f07!/All%20data!/L107,application/vnd.openxmlformats-officedocument.spreadsheetml.sheet,Lizard,Teira dugesii,Globularia salicina,,,,Purple-white,"Ribeira do Natal, Canical",32.736778,-16.74325,"Camara, 2025",Teira dugesii (Squamata: Lacertidae) visiting flowers: new observations and a review,Macronesia,Herbaceous shrubland,Legitimate Visit
line:xlsx:hash://md5/a145956849e70f1eeae954ee4b4f8f07!/All%20data!/L108,application/vnd.openxmlformats-officedocument.spreadsheetml.sheet,Lizard,Podarcis lilfordi,Heliotropum sp,,,,NA,Rei Island,39.887167,4.287222,"Peréz-Mellado, 2000","Pollen load and transport by the insular lizard, Podarcis lilfordi (Squamata, Lacertidae) in coastal islets of Menorca (Balearic Islands, Spain)",Native,NA,Potential Pollination (Pollen Grains found on lizard)
line:xlsx:hash://md5/a145956849e70f1eeae954ee4b4f8f07!/All%20data!/L109,application/vnd.openxmlformats-officedocument.spreadsheetml.sheet,Lizard,Teira dugesii,Hibiscus rosa-sinensis,,,,Red,Rua Nova da Igeja Funchal,32.648611,-16.884444,"Camara, 2025",Teira dugesii (Squamata: Lacertidae) visiting flowers: new observations and a review,Ornamental,NA,Legitimate Visit
line:xlsx:hash://md5/a145956849e70f1eeae954ee4b4f8f07!/All%20data!/L110,application/vnd.openxmlformats-officedocument.spreadsheetml.sheet,Lizard,Tarentola delalandii,Hoya kerrii,,,,Pink-white,Tenerife,28.416778,-16.398944,,"Nectarivoría de Tarentola delalandiisobre la planta exótica Hoya kerriien Tenerife, Islas Canarias",Exotic,Garden,Nectarivory
line:xlsx:hash://md5/a145956849e70f1eeae954ee4b4f8f07!/All%20data!/L111,application/vnd.openxmlformats-officedocument.spreadsheetml.sheet,Lizard,Teira dugesii,Hydrangea macrophylla,,,,Purple,"Sao Vicente and Igreja de Nossa Senhora das Neves, Calherta",32.805278,-17.047083,"Petrovan, 2023",Petrovan 2023,Introduced,NA,Legitimate Visit
line:xlsx:hash://md5/a145956849e70f1eeae954ee4b4f8f07!/All%20data!/L112,application/vnd.openxmlformats-officedocument.spreadsheetml.sheet,Lizard,Teira dugesii,Hydrangea macrophylla,,,,Purple,"Sao Vicente and Igreja de Nossa Senhora das Neves, Calherta",32.805278,-17.047083,"Camara, 2025",Teira dugesii (Squamata: Lacertidae) visiting flowers: new observations and a review,Introduced,NA,Legitimate Visit
line:xlsx:hash://md5/a145956849e70f1eeae954ee4b4f8f07!/All%20data!/L113,application/vnd.openxmlformats-officedocument.spreadsheetml.sheet,Bird,Phylloscopus canariensis,Isoplexis canariensis,0.58,24.8,10-29%,Orange,Tenerife,28.416778,-16.398944,"Rodriguez-Rodriguez, 2013",Quantity and quality components of effectiveness in insular pollinator assemblages,Native,Laurel forest,"Legitimate Pollinator (Comparable to birds in qualitative effectiveness, especially adults)"
line:xlsx:hash://md5/a145956849e70f1eeae954ee4b4f8f07!/All%20data!/L114,application/vnd.openxmlformats-officedocument.spreadsheetml.sheet,Lizard,Gallotia galloti,Isoplexis canariensis,0.04,24.8,10-29%,Orange,Tenerife,28.416778,-16.398944,"Rodriguez-Rodriguez, 2013",Quantity and quality components of effectiveness in insular pollinator assemblages,Native,Laurel forest,"Legitimate Pollinator (Comparable to birds in qualitative effectiveness, especially adults)"
line:xlsx:hash://md5/a145956849e70f1eeae954ee4b4f8f07!/All%20data!/L115,application/vnd.openxmlformats-officedocument.spreadsheetml.sheet,Bird,Phylloscopus collybita,Isoplexis canariensis ,,,,Orange,"Parc Forestal, Anaga, Tenerife",28.534917,-16.277167,"Olsen, 1985",The Macaronesian bird-flower element and its relation to bird and bee opportunists .pdf,Native,Laurel forest (High-altitude),Nectarivory (potential pollination)
line:xlsx:hash://md5/a145956849e70f1eeae954ee4b4f8f07!/All%20data!/L116,application/vnd.openxmlformats-officedocument.spreadsheetml.sheet,Bird,Sylvia melanocephala,Isoplexis canariensis ,,,,Orange,"Parc Forestal, Anaga, Tenerife",28.534917,-16.277167,"Olsen, 1985",The Macaronesian bird-flower element and its relation to bird and bee opportunists .pdf,Native,Laurel forest (High-altitude),Nectarivory (potential pollination)
line:xlsx:hash://md5/a145956849e70f1eeae954ee4b4f8f07!/All%20data!/L117,application/vnd.openxmlformats-officedocument.spreadsheetml.sheet,Bird,Sylvia conspicillata,Isoplexis canariensis ,,,,Orange,"Parc Forestal, Anaga, Tenerife",28.534917,-16.277167,"Olsen, 1985",The Macaronesian bird-flower element and its relation to bird and bee opportunists .pdf,Native,Laurel forest (High-altitude),Nectarivory (potential pollination)
line:xlsx:hash://md5/a145956849e70f1eeae954ee4b4f8f07!/All%20data!/L118,application/vnd.openxmlformats-officedocument.spreadsheetml.sheet,Bird,Sylvia atricapilla,Isoplexis canariensis ,,,32.3,Orange,Tenerife,28.416778,-16.398944,"Valido, 2004",Bird flower interactions in Macronesian islands,Native,"Laurel Forest, Pine Forest",Legitimate Visit (Observed)
line:xlsx:hash://md5/a145956849e70f1eeae954ee4b4f8f07!/All%20data!/L119,application/vnd.openxmlformats-officedocument.spreadsheetml.sheet,Bird,Cyanistes caeruleus,Isoplexis canariensis ,,,32.3,Orange,Tenerife,28.416778,-16.398944,"Valido, 2004",Bird flower interactions in Macronesian islands,Native,"Laurel Forest, Pine Forest",Legitimate Visit (Observed)
line:xlsx:hash://md5/a145956849e70f1eeae954ee4b4f8f07!/All%20data!/L120,application/vnd.openxmlformats-officedocument.spreadsheetml.sheet,Bird,Phylloscopus collybita,Isoplexis canariensis ,,,32.3,Orange,Tenerife,28.416778,-16.398944,"Valido, 2004",Bird flower interactions in Macronesian islands,Native,"Laurel Forest, Pine Forest",Legitimate Visit (Observed)
line:xlsx:hash://md5/a145956849e70f1eeae954ee4b4f8f07!/All%20data!/L121,application/vnd.openxmlformats-officedocument.spreadsheetml.sheet,Bird,Sylvia melanocephala,Isoplexis canariensis ,,,32.3,Orange,Tenerife,28.416778,-16.398944,"Valido, 2004",Bird flower interactions in Macronesian islands,Native,"Laurel Forest, Pine Forest",Legitimate Visit (Observed)
line:xlsx:hash://md5/a145956849e70f1eeae954ee4b4f8f07!/All%20data!/L122,application/vnd.openxmlformats-officedocument.spreadsheetml.sheet,Bird,Phylloscopus canariensis,Isoplexis canariensis ,,24.8,29.5,Orange,Tenerife,28.416778,-16.398944,"Ollerton, 2008",Bird Pollination of Canary Island endemic plants,Native,Laurel forest,Legitimate Visit (Observed)
line:xlsx:hash://md5/a145956849e70f1eeae954ee4b4f8f07!/All%20data!/L123,application/vnd.openxmlformats-officedocument.spreadsheetml.sheet,Bird,Phylloscopus collybita,Isoplexis chalcantha,,14,28.1,Orange,Gran Canaria,39.142167,2.945194,"Valido, 2004",Bird flower interactions in Macronesian islands,Native,Laurel Forest,Legitimate Visit (Observed)
line:xlsx:hash://md5/a145956849e70f1eeae954ee4b4f8f07!/All%20data!/L124,application/vnd.openxmlformats-officedocument.spreadsheetml.sheet,Bird,Phylloscopus collybita,Isoplexis isabelliana,,,29.1,Orange,Gran Canaria,39.142167,2.945194,"Valido, 2004",Bird flower interactions in Macronesian islands,Native,Pine forest,Legitimate Visit (Observed)
line:xlsx:hash://md5/a145956849e70f1eeae954ee4b4f8f07!/All%20data!/L125,application/vnd.openxmlformats-officedocument.spreadsheetml.sheet,Bird,Sylvia melanocephala,Isoplexis isabelliana,,,29.1,Orange,Gran Canaria,39.142167,2.945194,"Valido, 2004",Bird flower interactions in Macronesian islands,Native,Pine forest,Legitimate Visit (Observed)
line:xlsx:hash://md5/a145956849e70f1eeae954ee4b4f8f07!/All%20data!/L126,application/vnd.openxmlformats-officedocument.spreadsheetml.sheet,Bird,Sylvia atricapilla,Isoplexis sceptrum,,37,14.7,Orange,Madeira,32.690972,-16.801194,"Valido, 2004",Bird flower interactions in Macronesian islands,Native,Laurel Forest,Legitimate Visit (Observed)
line:xlsx:hash://md5/a145956849e70f1eeae954ee4b4f8f07!/All%20data!/L127,application/vnd.openxmlformats-officedocument.spreadsheetml.sheet,Bird,Sylvia atricapilla,Isoplexis sceptrum,,37,14.7,Orange,Madeira,32.690972,-16.801194,"Olsen, 2003",Bird Pollination in Madeira Island,Native,Laurel Forest,Potential Pollination (Observed visitation)
line:xlsx:hash://md5/a145956849e70f1eeae954ee4b4f8f07!/All%20data!/L128,application/vnd.openxmlformats-officedocument.spreadsheetml.sheet,Lizard,Teira dugesii,Kalanchoe spp.,,,,NA,Caminho de Ladeira,32.667222,-16.938611,"Camara, 2025",Teira dugesii (Squamata: Lacertidae) visiting flowers: new observations and a review,Ornamental,NA,Legitimate Visit
line:xlsx:hash://md5/a145956849e70f1eeae954ee4b4f8f07!/All%20data!/L129,application/vnd.openxmlformats-officedocument.spreadsheetml.sheet,Lizard,Teira dugesii,Leptospermum scoparium,,,,Pink-white,Rua Nova da Igeja Funchal,32.648611,-16.884444,"Camara, 2025",Teira dugesii (Squamata: Lacertidae) visiting flowers: new observations and a review,Introduced,NA,Legitimate Visit
line:xlsx:hash://md5/a145956849e70f1eeae954ee4b4f8f07!/All%20data!/L130,application/vnd.openxmlformats-officedocument.spreadsheetml.sheet,Lizard,Teira dugesii,Ligustrum sinense,,,,White,Rua Nova da Igeja Funchal,32.648611,-16.884444,"Camara, 2025",Teira dugesii (Squamata: Lacertidae) visiting flowers: new observations and a review,Ornamental,NA,Legitimate Visit
line:xlsx:hash://md5/a145956849e70f1eeae954ee4b4f8f07!/All%20data!/L131,application/vnd.openxmlformats-officedocument.spreadsheetml.sheet,Lizard,Podarcis lilfordi,Liliaceae spp.,,,,NA,Aire; Rei island,39.801194,4.290528,"Peréz-Mellado, 2000","Pollen load and transport by the insular lizard, Podarcis lilfordi (Squamata, Lacertidae) in coastal islets of Menorca (Balearic Islands, Spain)",NA,NA,Potential Pollination (Pollen Grains found on lizard)
line:xlsx:hash://md5/a145956849e70f1eeae954ee4b4f8f07!/All%20data!/L132,application/vnd.openxmlformats-officedocument.spreadsheetml.sheet,Lizard,Podarcis lilfordi,Limonium spp.,,,,NA,Aire Island,39.801194,4.290528,"Peréz-Mellado, 2000","Pollen load and transport by the insular lizard, Podarcis lilfordi (Squamata, Lacertidae) in coastal islets of Menorca (Balearic Islands, Spain)",Native,NA,Potential Pollination (Pollen Grains found on lizard)
line:xlsx:hash://md5/a145956849e70f1eeae954ee4b4f8f07!/All%20data!/L133,application/vnd.openxmlformats-officedocument.spreadsheetml.sheet,Lizard,Podarcis lilfordi,Lobularia maritima,,,,Purple-white,Cabrera Gran,39.142167,2.945194,"Romera-Egea, 2023",Assessing the role of lizards as potential pollinators,Native,Insular Plant Community ,Legitimate Visit (High Interaction Rate)
line:xlsx:hash://md5/a145956849e70f1eeae954ee4b4f8f07!/All%20data!/L134,application/vnd.openxmlformats-officedocument.spreadsheetml.sheet,Lizard,Podarcis lilfordi,Lomelosia cretica,,,,Purple,Cabrera Gran,39.142167,2.945194,"Romera-Egea, 2023",Assessing the role of lizards as potential pollinators,Native,Insular Plant Community ,Legitimate Visit (High Interaction Rate)
line:xlsx:hash://md5/a145956849e70f1eeae954ee4b4f8f07!/All%20data!/L135,application/vnd.openxmlformats-officedocument.spreadsheetml.sheet,Lizard,Podarcis lilfordi,Lonicera japonica,,,,NA,Rei Island,39.887167,4.287222,"Peréz-Mellado, 2000","Pollen load and transport by the insular lizard, Podarcis lilfordi (Squamata, Lacertidae) in coastal islets of Menorca (Balearic Islands, Spain)",Exotic,Disturbed / riparian,Potential Pollination (Pollen Grains found on lizard)
line:xlsx:hash://md5/a145956849e70f1eeae954ee4b4f8f07!/All%20data!/L136,application/vnd.openxmlformats-officedocument.spreadsheetml.sheet,Bird,Phylloscopus canariensis,Lotus berthelotii ,,13.5,32,Scarlett,Tenerife,28.416778,-16.398944,"Ollerton, 2008",Bird Pollination of Canary Island endemic plants,Native,Botanical garden,Legitimate Visit (Observed)
line:xlsx:hash://md5/a145956849e70f1eeae954ee4b4f8f07!/All%20data!/L137,application/vnd.openxmlformats-officedocument.spreadsheetml.sheet,Lizard,Teira dugesii,Lotus glaucus,,,,Yellow,Selvagem Grande,30.1475,-15.865,"Ferreira, 2016",Ferreira et al 2016,Native,NA,NA
line:xlsx:hash://md5/a145956849e70f1eeae954ee4b4f8f07!/All%20data!/L138,application/vnd.openxmlformats-officedocument.spreadsheetml.sheet,Lizard,Gallotia galloti,Lotus maculatus,1.6,5.4,33,Yellow,Tenerife,28.416778,-16.398944,"González-Castro, 2024","Flower-visitng lizards as a key ecological actors for an endemic and critiically endangered plant in the Canary Islands, GALLOTIA GALLOTI (Canary Lizard). NECTARIVORY",Native,Xerophytic shrub,"Effective Pollination (Legitimate visits, positively related to fruit set, carrying pollen)"
line:xlsx:hash://md5/a145956849e70f1eeae954ee4b4f8f07!/All%20data!/L139,application/vnd.openxmlformats-officedocument.spreadsheetml.sheet,Lizard,Podarcis lilfordi,Lysimachia arvensis,,,,Orange,Cabrera Gran,39.142167,2.945194,"Romera-Egea, 2023",Assessing the role of lizards as potential pollinators,Native,Insular Plant Community ,Legitimate Visit
line:xlsx:hash://md5/a145956849e70f1eeae954ee4b4f8f07!/All%20data!/L140,application/vnd.openxmlformats-officedocument.spreadsheetml.sheet,Lizard,Podarcis lilfordi,Malva arborea,,,,Purple,Cabrera Gran,39.142167,2.945194,"Romera-Egea, 2023",Assessing the role of lizards as potential pollinators,Native,Insular Plant Community ,Legitimate Pollinator (Quantitatively the most effective; legitimate visits by juveniles and females)
line:xlsx:hash://md5/a145956849e70f1eeae954ee4b4f8f07!/All%20data!/L141,application/vnd.openxmlformats-officedocument.spreadsheetml.sheet,Bird,Sylvia atricapilla,Malva arborea,24.72,,,Purple,Cabrera Gran,39.142167,2.945194,"Robles, 2024",Vertebrates can be more important pollinators than invertebrates on islands: the case of Malva (=Malva) arborea L..pdf,Native,Coastal / rocky cliffs,Successful Pollination
line:xlsx:hash://md5/a145956849e70f1eeae954ee4b4f8f07!/All%20data!/L142,application/vnd.openxmlformats-officedocument.spreadsheetml.sheet,Bird,Sylvia cantillans,Malva arborea,49.86,,,Purple,Cabrera Gran,39.142167,2.945194,"Robles, 2024",Vertebrates can be more important pollinators than invertebrates on islands: the case of Malva (=Malva) arborea L..pdf,,,
line:xlsx:hash://md5/a145956849e70f1eeae954ee4b4f8f07!/All%20data!/L143,application/vnd.openxmlformats-officedocument.spreadsheetml.sheet,Lizard,Podarcis lilfordi,Malva arborea,,,,Purple,Cabrera Gran,39.142167,2.945194,"Robles, 2024",Vertebrates can be more important pollinators than invertebrates on islands: the case of Malva (=Malva) arborea L..pdf,,,
line:xlsx:hash://md5/a145956849e70f1eeae954ee4b4f8f07!/All%20data!/L144,application/vnd.openxmlformats-officedocument.spreadsheetml.sheet,Bird,Sylvia atricapilla,Malva arborea,,,,Purple,Ventotene Island,40.786667,13.412139,"Cecere, 2011 (b)","Nectar, and energy drink used by European songbirds during migration",Native,Maquis,Potential Pollination
line:xlsx:hash://md5/a145956849e70f1eeae954ee4b4f8f07!/All%20data!/L145,application/vnd.openxmlformats-officedocument.spreadsheetml.sheet,Bird,Sylvia communis,Malva arborea,,,,Purple,Ventotene Island,40.786667,13.412139,"Cecere, 2011 (b)","Nectar, and energy drink used by European songbirds during migration",Native,Maquis,Potential Pollination
line:xlsx:hash://md5/a145956849e70f1eeae954ee4b4f8f07!/All%20data!/L146,application/vnd.openxmlformats-officedocument.spreadsheetml.sheet,Bird,Sylvia borin,Malva arborea,,,,Purple,Ventotene Island,40.786667,13.412139,"Cecere, 2011 (b)","Nectar, and energy drink used by European songbirds during migration",Native,Maquis,Potential Pollination
line:xlsx:hash://md5/a145956849e70f1eeae954ee4b4f8f07!/All%20data!/L147,application/vnd.openxmlformats-officedocument.spreadsheetml.sheet,Bird,Sylvia melanocephala,Malva arborea ,46.14,,,Purple,Cabrera Gran,39.142167,2.945194,"Robles, 2024",Vertebrates can be more important pollinators than invertebrates on islands: the case of Malva (=Malva) arborea L..pdf,Native,Semidesert,Successful Pollination
line:xlsx:hash://md5/a145956849e70f1eeae954ee4b4f8f07!/All%20data!/L148,application/vnd.openxmlformats-officedocument.spreadsheetml.sheet,Bird,Cyanistes caeruleus,Malva phoenicea ,,112,24,Orange,Tenerife,28.416778,-16.398944,"Valido, 2004",Bird flower interactions in Macronesian islands,Native,Transition to laurel forest,Legitimate Visit (Observed)
line:xlsx:hash://md5/a145956849e70f1eeae954ee4b4f8f07!/All%20data!/L149,application/vnd.openxmlformats-officedocument.spreadsheetml.sheet,Bird,Phylloscopus collybita,Malva phoenicea ,,112,24,Orange,Tenerife,28.416778,-16.398944,"Valido, 2004",Bird flower interactions in Macronesian islands,Native,Transition to laurel forest,Legitimate Visit (Observed)
line:xlsx:hash://md5/a145956849e70f1eeae954ee4b4f8f07!/All%20data!/L150,application/vnd.openxmlformats-officedocument.spreadsheetml.sheet,Bird,Sylvia cantillans,Malva phoenicea ,,,,Orange,Ventotene Island,40.786667,13.412139,"Cecere, 2011 (b)","Nectar, and energy drink used by European songbirds during migration",Native,Maquis,Potential Pollination
line:xlsx:hash://md5/a145956849e70f1eeae954ee4b4f8f07!/All%20data!/L151,application/vnd.openxmlformats-officedocument.spreadsheetml.sheet,Bird,Sylvia borin,Malva sylvestris,,,,Purple,Ventotene Island,40.786667,13.412139,"Cecere, 2011 (b)","Nectar, and energy drink used by European songbirds during migration",Native,Maquis,Potential Pollination
line:xlsx:hash://md5/a145956849e70f1eeae954ee4b4f8f07!/All%20data!/L152,application/vnd.openxmlformats-officedocument.spreadsheetml.sheet,Lizard,Podarcis lilfordi,Medicago arborea,,,,Yellow,Cabrera Gran,39.142167,2.945194,"Romera-Egea, 2023",Assessing the role of lizards as potential pollinators,Native,Insular Plant Community ,Legitimate Visit
line:xlsx:hash://md5/a145956849e70f1eeae954ee4b4f8f07!/All%20data!/L153,application/vnd.openxmlformats-officedocument.spreadsheetml.sheet,Lizard,Podarcis lilfordi,Medicago littoralis,,,,Yellow,Aire; Rei Island,39.801194,4.290528,"Peréz-Mellado, 2000","Pollen load and transport by the insular lizard, Podarcis lilfordi (Squamata, Lacertidae) in coastal islets of Menorca (Balearic Islands, Spain)",Native,Coastal sandy,Potential Pollination (Pollen Grains found on lizard)
line:xlsx:hash://md5/a145956849e70f1eeae954ee4b4f8f07!/All%20data!/L154,application/vnd.openxmlformats-officedocument.spreadsheetml.sheet,Lizard,Teira dugesii,Melaleuca regulosa,,,,Red-orange,Parque de Santa Catarina,32.645278,-16.914167,"Camara, 2025",Teira dugesii (Squamata: Lacertidae) visiting flowers: new observations and a review,Ornamental,NA,Legitimate Visit
line:xlsx:hash://md5/a145956849e70f1eeae954ee4b4f8f07!/All%20data!/L155,application/vnd.openxmlformats-officedocument.spreadsheetml.sheet,Lizard,Podarcis lilfordi,Mesembrianthemum crystallinum,,,,White,Aire Island,39.801194,4.290528,"Peréz-Mellado, 2000","Pollen load and transport by the insular lizard, Podarcis lilfordi (Squamata, Lacertidae) in coastal islets of Menorca (Balearic Islands, Spain)",Native,Coastal scrub,Potential Pollination (Pollen Grains found on lizard)
line:xlsx:hash://md5/a145956849e70f1eeae954ee4b4f8f07!/All%20data!/L156,application/vnd.openxmlformats-officedocument.spreadsheetml.sheet,Lizard,Teira dugesii,Mesembrianthemum crystallinum,,,,White,Selvagem Grande,30.1475,-15.865,"Ferreira, 2016",Ferreira et al 2016,Introduced,Shrubland,NA
line:xlsx:hash://md5/a145956849e70f1eeae954ee4b4f8f07!/All%20data!/L157,application/vnd.openxmlformats-officedocument.spreadsheetml.sheet,Lizard,Teira dugesii,Musschia aurea,,95,13,Yellow,Madeira,32.690972,-16.801194,"Olsen, 2012","Pollination, biogeography and phylogeny of oceanic island bellflowers (Campanulaceae)",Native,Coastal slope,Effective Pollination
line:xlsx:hash://md5/a145956849e70f1eeae954ee4b4f8f07!/All%20data!/L158,application/vnd.openxmlformats-officedocument.spreadsheetml.sheet,Lizard,Teira dugesii,Musschia isambertoi,,,,Yellow,Desertas islands,32.547389,-16.524917,"Sequeira, 2007",Sequeira et al 2007,Native,Rocky areas,NA
line:xlsx:hash://md5/a145956849e70f1eeae954ee4b4f8f07!/All%20data!/L159,application/vnd.openxmlformats-officedocument.spreadsheetml.sheet,Bird,Sylvia atricapilla,Musschia wollastonii,,95,12.5,Yellow,Madeira,32.690972,-16.801194,"Valido, 2004",Bird flower interactions in Macronesian islands,Native,Laurel Forest,Legitimate Visit (Observed)
line:xlsx:hash://md5/a145956849e70f1eeae954ee4b4f8f07!/All%20data!/L160,application/vnd.openxmlformats-officedocument.spreadsheetml.sheet,Bird,Sylvia atricapilla,Musschia wollastonii,,95,12.5,Yellow,Madeira,32.690972,-16.801194,"Olsen, 2003",Bird Pollination in Madeira Island,Native,Laurel Forest,Potential Pollination (Observed visitation)
line:xlsx:hash://md5/a145956849e70f1eeae954ee4b4f8f07!/All%20data!/L161,application/vnd.openxmlformats-officedocument.spreadsheetml.sheet,Lizard,Teira dugesii,Musschia wollastonii,,,,Yellow,Madeira,32.690972,-16.801194,"Olsen, 2012","Pollination, biogeography and phylogeny of oceanic island bellflowers (Campanulaceae)",Native,Laurel forest,Effective Pollination
line:xlsx:hash://md5/a145956849e70f1eeae954ee4b4f8f07!/All%20data!/L162,application/vnd.openxmlformats-officedocument.spreadsheetml.sheet,Lizard,Podarcis lilfordi,Narcissus tazetta,,,,White,Rei Island,39.887167,4.287222,"Romera-Egea, 2023",Assessing the role of lizards as potential pollinators,Native,Insular Plant Community ,Legitimate Visit
line:xlsx:hash://md5/a145956849e70f1eeae954ee4b4f8f07!/All%20data!/L163,application/vnd.openxmlformats-officedocument.spreadsheetml.sheet,Lizard,Podarcis lilfordi,Narcissus tazetta,,,,White,Rei Island,39.887167,4.287222,"Peréz-Mellado, 2000","Pollen load and transport by the insular lizard, Podarcis lilfordi (Squamata, Lacertidae) in coastal islets of Menorca (Balearic Islands, Spain)",Native,Grasslands / rocky slopes,Potential Pollination (Pollen Grains found on lizard)
line:xlsx:hash://md5/a145956849e70f1eeae954ee4b4f8f07!/All%20data!/L164,application/vnd.openxmlformats-officedocument.spreadsheetml.sheet,Bird,Phylloscopus canariensis,Navaea phoenicea ,0.32,,,Orange,Tenerife,28.416778,-16.398944,"Fernández de Castro, 2017",Ornithophily for the nonspecialist Differential pollination efficiency.pdf,Native,Thermophilous shrubland,Legitimate Visit (Observed)
line:xlsx:hash://md5/a145956849e70f1eeae954ee4b4f8f07!/All%20data!/L165,application/vnd.openxmlformats-officedocument.spreadsheetml.sheet,Bird,Sylvia melanocephala,Navaea phoenicea ,0.5,,,Orange,Tenerife,28.416778,-16.398944,"Fernández de Castro, 2017",Ornithophily for the nonspecialist Differential pollination efficiency.pdf,Native,Thermophilous shrubland,Legitimate Visit (Observed)
line:xlsx:hash://md5/a145956849e70f1eeae954ee4b4f8f07!/All%20data!/L166,application/vnd.openxmlformats-officedocument.spreadsheetml.sheet,Bird,Cyanistes teneriffae,Navaea phoenicea ,1.38,,,Orange,Tenerife,28.416778,-16.398944,"Fernández de Castro, 2017",Ornithophily for the nonspecialist Differential pollination efficiency.pdf,Native,Thermophilous shrubland,Legitimate Visit (Observed)
line:xlsx:hash://md5/a145956849e70f1eeae954ee4b4f8f07!/All%20data!/L167,application/vnd.openxmlformats-officedocument.spreadsheetml.sheet,Bird,Sylvia atricapilla,Navaea phoenicea ,1.5,,,Orange,Tenerife,28.416778,-16.398944,"Fernández de Castro, 2017",Ornithophily for the nonspecialist Differential pollination efficiency.pdf,Native,Thermophilous shrubland,Legitimate Visit (Observed)
line:xlsx:hash://md5/a145956849e70f1eeae954ee4b4f8f07!/All%20data!/L168,application/vnd.openxmlformats-officedocument.spreadsheetml.sheet,Lizard,Teira dugesii,Nicotiana glauca,,,,Yellow,Funchal,32.644667,-16.924417,"Camara, 2025",Teira dugesii (Squamata: Lacertidae) visiting flowers: new observations and a review,Introduced,NA,Legitimate Visit
line:xlsx:hash://md5/a145956849e70f1eeae954ee4b4f8f07!/All%20data!/L169,application/vnd.openxmlformats-officedocument.spreadsheetml.sheet,Lizard,Teira dugesii,Nicotiana glauca,,,,Yellow,"Miradouro de S Sebastiao, Ribeira Brava",32.67,-17.062778,Beyhl 1991,Beyhl 1990,Introduced,NA,Legitimate Visit
line:xlsx:hash://md5/a145956849e70f1eeae954ee4b4f8f07!/All%20data!/L170,application/vnd.openxmlformats-officedocument.spreadsheetml.sheet,Lizard,Podarcis lilfordi,Olea europaea,,,,White,Aire Island,39.801194,4.290528,"Peréz-Mellado, 2000","Pollen load and transport by the insular lizard, Podarcis lilfordi (Squamata, Lacertidae) in coastal islets of Menorca (Balearic Islands, Spain)",Native,Mediterranean woodlands,Potential Pollination (Pollen Grains found on lizard)
line:xlsx:hash://md5/a145956849e70f1eeae954ee4b4f8f07!/All%20data!/L171,application/vnd.openxmlformats-officedocument.spreadsheetml.sheet,Lizard,Podarcis lilfordi,Ononis crispa,,,,Yellow,Aire Island,39.801194,4.290528,"Peréz-Mellado, 2000","Pollen load and transport by the insular lizard, Podarcis lilfordi (Squamata, Lacertidae) in coastal islets of Menorca (Balearic Islands, Spain)",Native,Dry coastal,Potential Pollination (Pollen Grains found on lizard)
line:xlsx:hash://md5/a145956849e70f1eeae954ee4b4f8f07!/All%20data!/L172,application/vnd.openxmlformats-officedocument.spreadsheetml.sheet,Lizard,Teira dugesii,Opuntia spp.,,,,NA,"Miradouro de S Sebastiao, Ribeira Brava",32.67,-17.062778,"Camara, 2025",Teira dugesii (Squamata: Lacertidae) visiting flowers: new observations and a review,Native,Herbaceous shrubland,Legitimate Visit
line:xlsx:hash://md5/a145956849e70f1eeae954ee4b4f8f07!/All%20data!/L173,application/vnd.openxmlformats-officedocument.spreadsheetml.sheet,Lizard,Podarcis lilfordi,Pancratium maritimum,,,,White,Aire Island; Sanitja Islet,39.801194,4.290528,"Peréz-Mellado, 2000","Pollen load and transport by the insular lizard, Podarcis lilfordi (Squamata, Lacertidae) in coastal islets of Menorca (Balearic Islands, Spain)",Native,Coastal sandy,Potential Pollination (Pollen Grains found on lizard)
line:xlsx:hash://md5/a145956849e70f1eeae954ee4b4f8f07!/All%20data!/L174,application/vnd.openxmlformats-officedocument.spreadsheetml.sheet,Lizard,Podarcis lilfordi,Paronychia capitata,,,,White,Cabrera Gran,39.142167,2.945194,"Romera-Egea, 2023",Assessing the role of lizards as potential pollinators,Native,Insular Plant Community ,Legitimate Visit (High Interaction Rate)
line:xlsx:hash://md5/a145956849e70f1eeae954ee4b4f8f07!/All%20data!/L175,application/vnd.openxmlformats-officedocument.spreadsheetml.sheet,Lizard,Teira dugesii,Pelargonium spp.,,,,NA,Funchal,32.644667,-16.924417,Beyhl 1991,Beyhl 1990,Introduced,NA,NA
line:xlsx:hash://md5/a145956849e70f1eeae954ee4b4f8f07!/All%20data!/L176,application/vnd.openxmlformats-officedocument.spreadsheetml.sheet,Lizard,Teira dugesii,Phalaenopsis spp.,,,,NA,Rua Nova da Igeja Funchal,32.648611,-16.884444,"Camara, 2025",Teira dugesii (Squamata: Lacertidae) visiting flowers: new observations and a review,Ornamental,NA,Legitimate Visit
line:xlsx:hash://md5/a145956849e70f1eeae954ee4b4f8f07!/All%20data!/L177,application/vnd.openxmlformats-officedocument.spreadsheetml.sheet,Lizard,Podarcis lilfordi,Pistacia lentiscus,,,,Red,Aire; Rei Island,39.801194,4.290528,"Peréz-Mellado, 2000","Pollen load and transport by the insular lizard, Podarcis lilfordi (Squamata, Lacertidae) in coastal islets of Menorca (Balearic Islands, Spain)",Native,Maquis and garrigue,Potential Pollination (Pollen Grains found on lizard)
line:xlsx:hash://md5/a145956849e70f1eeae954ee4b4f8f07!/All%20data!/L178,application/vnd.openxmlformats-officedocument.spreadsheetml.sheet,Bird,Sylvia communis,Pittosphorum tobira,,,,Yellow,Ventotene Island,40.786667,13.412139,"Cecere, 2011 (b)","Nectar, and energy drink used by European songbirds during migration",Introduced,Maquis,Potential Pollination
line:xlsx:hash://md5/a145956849e70f1eeae954ee4b4f8f07!/All%20data!/L179,application/vnd.openxmlformats-officedocument.spreadsheetml.sheet,Bird,Sylvia borin,Pittosphorum tobira,,,,Yellow,Ventotene Island,40.786667,13.412139,"Cecere, 2011 (b)","Nectar, and energy drink used by European songbirds during migration",Introduced,Maquis,Potential Pollination
line:xlsx:hash://md5/a145956849e70f1eeae954ee4b4f8f07!/All%20data!/L180,application/vnd.openxmlformats-officedocument.spreadsheetml.sheet,Lizard,Podarcis lilfordi,Plumbago spp.,,,,NA,Cabrera Gran,39.142167,2.945194,"Romera-Egea, 2023",Assessing the role of lizards as potential pollinators,Native,Insular Plant Community ,Legitimate Visit
line:xlsx:hash://md5/a145956849e70f1eeae954ee4b4f8f07!/All%20data!/L181,application/vnd.openxmlformats-officedocument.spreadsheetml.sheet,Lizard,Podarcis lilfordi,Poa annua,,,,White,Aire Island,39.801194,4.290528,"Peréz-Mellado, 2000","Pollen load and transport by the insular lizard, Podarcis lilfordi (Squamata, Lacertidae) in coastal islets of Menorca (Balearic Islands, Spain)",Native,Disturbed,Potential Pollination (Pollen Grains found on lizard)
line:xlsx:hash://md5/a145956849e70f1eeae954ee4b4f8f07!/All%20data!/L182,application/vnd.openxmlformats-officedocument.spreadsheetml.sheet,Bird,Sylvia cantillans,Prunus avium,,,,White,Ventotene Island,40.786667,13.412139,"Cecere, 2011 (b)","Nectar, and energy drink used by European songbirds during migration",Introduced,Maquis,Potential Pollination
line:xlsx:hash://md5/a145956849e70f1eeae954ee4b4f8f07!/All%20data!/L183,application/vnd.openxmlformats-officedocument.spreadsheetml.sheet,Lizard,Teira dugesii,Psidium cattleyanum,,,,White,Rua Nova da Igeja Funchal,32.648611,-16.884444,"Camara, 2025",Teira dugesii (Squamata: Lacertidae) visiting flowers: new observations and a review,Introduced,NA,Legitimate Visit
line:xlsx:hash://md5/a145956849e70f1eeae954ee4b4f8f07!/All%20data!/L184,application/vnd.openxmlformats-officedocument.spreadsheetml.sheet,Bird,Sylvia atricapilla,Rhamnus alaternus,,,,Yellow,Isle of Capri,40.544278,14.217861,"Calvario, 1989",The Blackcap Sylvia atricapilla and the Garden Warbler Sylvia borin as pollinators Or Rhamnus alaternus (Rhamnaceae).pdf,Native,Woodlands,Potential Pollination
line:xlsx:hash://md5/a145956849e70f1eeae954ee4b4f8f07!/All%20data!/L185,application/vnd.openxmlformats-officedocument.spreadsheetml.sheet,Bird,Sylvia borin,Rhamnus alaternus ,,,,Yellow,Isle of Capri,40.544278,14.217861,"Calvario, 1989",The Blackcap Sylvia atricapilla and the Garden Warbler Sylvia borin as pollinators Or Rhamnus alaternus (Rhamnaceae).pdf,Native,Woodlands,potential Pollination
line:xlsx:hash://md5/a145956849e70f1eeae954ee4b4f8f07!/All%20data!/L186,application/vnd.openxmlformats-officedocument.spreadsheetml.sheet,Lizard,Podarcis lilfordi,Rhamnus ludovici-salvatoris,,,,Yellow,Cabrera Gran,39.142167,2.945194,"Romera-Egea, 2023",Assessing the role of lizards as potential pollinators,Native,Insular Plant Community ,Legitimate Visit (Rare dioecious shrub)
line:xlsx:hash://md5/a145956849e70f1eeae954ee4b4f8f07!/All%20data!/L187,application/vnd.openxmlformats-officedocument.spreadsheetml.sheet,Lizard,Teira dugesii,Rhododendron spp.,,,,NA,Rua Nova da Igeja Funchal,32.648611,-16.884444,"Camara, 2025",Teira dugesii (Squamata: Lacertidae) visiting flowers: new observations and a review,Ornamental,NA,Legitimate Visit
line:xlsx:hash://md5/a145956849e70f1eeae954ee4b4f8f07!/All%20data!/L188,application/vnd.openxmlformats-officedocument.spreadsheetml.sheet,Lizard,Teira dugesii,Ricinus communis,,,,Red,"Miradouro de S Sebastiao, Ribeira Brava",32.67,-17.062778,"Camara, 2025",Teira dugesii (Squamata: Lacertidae) visiting flowers: new observations and a review,Introduced,NA,Legitimate Visit
line:xlsx:hash://md5/a145956849e70f1eeae954ee4b4f8f07!/All%20data!/L189,application/vnd.openxmlformats-officedocument.spreadsheetml.sheet,Lizard,Teira dugesii,Rosa spp.,,,,NA,Rua Nova da Igeja Funchal,32.648611,-16.884444,"Camara, 2025",Teira dugesii (Squamata: Lacertidae) visiting flowers: new observations and a review,Ornamental,NA,Legitimate Visit
line:xlsx:hash://md5/a145956849e70f1eeae954ee4b4f8f07!/All%20data!/L190,application/vnd.openxmlformats-officedocument.spreadsheetml.sheet,Lizard,Podarcis lilfordi,Rubia peregrina,,,,Yellow,Cabrera Gran,39.142167,2.945194,"Romera-Egea, 2023",Assessing the role of lizards as potential pollinators,Native,Insular Plant Community ,Legitimate Visit
line:xlsx:hash://md5/a145956849e70f1eeae954ee4b4f8f07!/All%20data!/L191,application/vnd.openxmlformats-officedocument.spreadsheetml.sheet,Lizard,Podarcis lilfordi,Ruta graveolens,,,,Yellow,Cabrera Gran,39.142167,2.945194,"Romera-Egea, 2023",Assessing the role of lizards as potential pollinators,Native,Insular Plant Community ,Legitimate Visit
line:xlsx:hash://md5/a145956849e70f1eeae954ee4b4f8f07!/All%20data!/L192,application/vnd.openxmlformats-officedocument.spreadsheetml.sheet,Lizard,Podarcis lilfordi,Salvia rosmarinus,,,,Purple,Cabrera Gran,39.142167,2.945194,"Romera-Egea, 2023",Assessing the role of lizards as potential pollinators,Native,Insular Plant Community ,Legitimate Visit
line:xlsx:hash://md5/a145956849e70f1eeae954ee4b4f8f07!/All%20data!/L193,application/vnd.openxmlformats-officedocument.spreadsheetml.sheet,Lizard,Teira dugesii,Salvia rosmarinus,,,,Purple,Rua Nova da Igeja Funchal,32.648611,-16.884444,"Camara, 2025",Teira dugesii (Squamata: Lacertidae) visiting flowers: new observations and a review,Ornamental,NA,Legitimate Visit
line:xlsx:hash://md5/a145956849e70f1eeae954ee4b4f8f07!/All%20data!/L194,application/vnd.openxmlformats-officedocument.spreadsheetml.sheet,Lizard,Teira dugesii,Salvia splendens,,,,Purple,"Garajau, Santa Cruz",32.637028,-16.851194,"Elvers, 1977","Elvers, I. (1977) Flower-visiting lizards on Madeira",Ornamental,NA,NA
line:xlsx:hash://md5/a145956849e70f1eeae954ee4b4f8f07!/All%20data!/L195,application/vnd.openxmlformats-officedocument.spreadsheetml.sheet,Lizard,Teira dugesii,Schizogoyne sericea,,,,Yellow,Selvagem Grande,30.1475,-15.865,"Ferreira, 2016",Ferreira et al 2016,Macronesia,Shrubland,NA
line:xlsx:hash://md5/a145956849e70f1eeae954ee4b4f8f07!/All%20data!/L196,application/vnd.openxmlformats-officedocument.spreadsheetml.sheet,Bird,Sylvia atricapilla,Scrophularia calliantha,23.4,,,Red,Gran Canaria,27.966444,-15.594472,"Ortega-Olivencia, 2012","Insects, birds and lizards as pollinators of Europe and Macronesia.pdf",Native,Maquis,Legitimate Visit (Observed)
line:xlsx:hash://md5/a145956849e70f1eeae954ee4b4f8f07!/All%20data!/L197,application/vnd.openxmlformats-officedocument.spreadsheetml.sheet,Bird,Sylvia melanocephala,Scrophularia calliantha,23.4,,,Red,Gran Canaria,27.966444,-15.594472,"Ortega-Olivencia, 2012","Insects, birds and lizards as pollinators of Europe and Macronesia.pdf",Native,Maquis,Legitimate Visit (Observed)
line:xlsx:hash://md5/a145956849e70f1eeae954ee4b4f8f07!/All%20data!/L198,application/vnd.openxmlformats-officedocument.spreadsheetml.sheet,Lizard,Gallotia stehlini,Scrophularia calliantha,3,,,Red,Gran Canaria,27.966444,-15.594472,"Ortega-Olivencia, 2012","Insects, birds and lizards as pollinators of the largest-flowered Scrophularia of Europe and Macaronesia",Native,Scrubland,Effective Pollination
line:xlsx:hash://md5/a145956849e70f1eeae954ee4b4f8f07!/All%20data!/L199,application/vnd.openxmlformats-officedocument.spreadsheetml.sheet,Bird,Phylloscopus canariensis,Scrophularia calliantha ,23.4,,,Red,Gran Canaria,27.966444,-15.594472,"Ortega-Olivencia, 2012","Insects, birds and lizards as pollinators of Europe and Macronesia.pdf",Native,Maquis,Legitimate Visit (Observed)
line:xlsx:hash://md5/a145956849e70f1eeae954ee4b4f8f07!/All%20data!/L200,application/vnd.openxmlformats-officedocument.spreadsheetml.sheet,Bird,Parus caeruleus,Scrophularia calliantha ,23.4,,,Red,Gran Canaria,27.966444,-15.594472,"Ortega-Olivencia, 2012","Insects, birds and lizards as pollinators of Europe and Macronesia.pdf",Native,Maquis,Legitimate Visit (Observed)
line:xlsx:hash://md5/a145956849e70f1eeae954ee4b4f8f07!/All%20data!/L201,application/vnd.openxmlformats-officedocument.spreadsheetml.sheet,Bird,Sylvia atricapilla,Scrophularia grandiflora ,4.2,,,Red,"Coimbra, (Rabacal and Pombalinho) Portugal",40.022611,-8.465778,"Ortega-Olivencia, 2012","Insects, birds and lizards as pollinators of Europe and Macronesia.pdf",Native,"Maquis, Garrigue",Legitimate Visit (Observed)
line:xlsx:hash://md5/a145956849e70f1eeae954ee4b4f8f07!/All%20data!/L202,application/vnd.openxmlformats-officedocument.spreadsheetml.sheet,Bird,Sylvia melanocephala,Scrophularia grandiflora ,4.2,,,Red,"Coimbra, (Rabacal and Pombalinho) Portugal",40.022611,-8.465778,"Ortega-Olivencia, 2012","Insects, birds and lizards as pollinators of Europe and Macronesia.pdf",Native,"Maquis, Garrigue",Legitimate Visit (Observed)
line:xlsx:hash://md5/a145956849e70f1eeae954ee4b4f8f07!/All%20data!/L203,application/vnd.openxmlformats-officedocument.spreadsheetml.sheet,Bird,Sylvia atricapilla,Scrophularia sambucifolia ,3,,,Red-orange,"Moron de la Frontera and El Gastor, Spain",36.85325,-5.325306,"Ortega-Olivencia, 2012","Insects, birds and lizards as pollinators of Europe and Macronesia.pdf",Native,"Maquis, Garrigue",Legitimate Visit (Observed)
line:xlsx:hash://md5/a145956849e70f1eeae954ee4b4f8f07!/All%20data!/L204,application/vnd.openxmlformats-officedocument.spreadsheetml.sheet,Bird,Phylloscopus collybita,Scrophularia sambucifolia ,3,,,Red-orange,"Moron de la Frontera and El Gastor, Spain",36.85325,-5.325306,"Ortega-Olivencia, 2012","Insects, birds and lizards as pollinators of Europe and Macronesia.pdf",Native,"Maquis, Garrigue",Legitimate Visit (Observed)
line:xlsx:hash://md5/a145956849e70f1eeae954ee4b4f8f07!/All%20data!/L205,application/vnd.openxmlformats-officedocument.spreadsheetml.sheet,Bird,Sylvia melanocephala,Scrophularia sambucifolia ,23.4,,,Red-orange,"Moron de la Frontera and El Gastor, Spain",36.85325,-5.325306,"Ortega-Olivencia, 2012","Insects, birds and lizards as pollinators of Europe and Macronesia.pdf",Native,"Maquis, Garrigue",Legitimate Visit (Observed)
line:xlsx:hash://md5/a145956849e70f1eeae954ee4b4f8f07!/All%20data!/L206,application/vnd.openxmlformats-officedocument.spreadsheetml.sheet,Bird,Sylvia atricapilla,Scrophularia trifoliata ,0.61,,,Orange,"Santu Lussurgiu, Sardinia",40.141389,8.647861,"Ortega-Olivencia, 2012","Insects, birds and lizards as pollinators of Europe and Macronesia.pdf",Native,Ash grove (disturbed habitat),Legitimate Visit (Observed)
line:xlsx:hash://md5/a145956849e70f1eeae954ee4b4f8f07!/All%20data!/L207,application/vnd.openxmlformats-officedocument.spreadsheetml.sheet,Bird,Sylvia melanocephala,Scrophularia trifoliata ,0.61,,,Orange,"Santu Lussurgiu, Sardinia",40.141389,8.647861,"Ortega-Olivencia, 2012","Insects, birds and lizards as pollinators of Europe and Macronesia.pdf",Native,(Colder habitats on islands with harsher conditions to inhiibit insects),Legitimate Visit (Observed)
line:xlsx:hash://md5/a145956849e70f1eeae954ee4b4f8f07!/All%20data!/L208,application/vnd.openxmlformats-officedocument.spreadsheetml.sheet,Lizard,Podarcis lilfordi,Sedum rubens,,,,Pink-white,Rei Island,39.887167,4.287222,"Peréz-Mellado, 2000","Pollen load and transport by the insular lizard, Podarcis lilfordi (Squamata, Lacertidae) in coastal islets of Menorca (Balearic Islands, Spain)",Native,Rocky slopes / sun-exposed,Potential Pollination (Pollen Grains found on lizard)
line:xlsx:hash://md5/a145956849e70f1eeae954ee4b4f8f07!/All%20data!/L209,application/vnd.openxmlformats-officedocument.spreadsheetml.sheet,Lizard,Podarcis lilfordi,Senecio spp.,,,,NA,Aire Island,39.801194,4.290528,"Peréz-Mellado, 2000","Pollen load and transport by the insular lizard, Podarcis lilfordi (Squamata, Lacertidae) in coastal islets of Menorca (Balearic Islands, Spain)",Native,Scrubland / rocky slope,Potential Pollination (Pollen Grains found on lizard)
line:xlsx:hash://md5/a145956849e70f1eeae954ee4b4f8f07!/All%20data!/L210,application/vnd.openxmlformats-officedocument.spreadsheetml.sheet,Lizard,Podarcis lilfordi,Silene vulgaris,,,,White,Cabrera Gran,39.142167,2.945194,"Romera-Egea, 2023",Assessing the role of lizards as potential pollinators,Native,Insular Plant Community ,Legitimate Visit
line:xlsx:hash://md5/a145956849e70f1eeae954ee4b4f8f07!/All%20data!/L211,application/vnd.openxmlformats-officedocument.spreadsheetml.sheet,Lizard,Podarcis lilfordi,Silybum marianum ,,,,Purple,Santija Island,40.092561,4.07567,"Peréz-Mellado, 2000","Pollen load and transport by the insular lizard, Podarcis lilfordi (Squamata, Lacertidae) in coastal islets of Menorca (Balearic Islands, Spain)",Native,Disturbed / field margins,Potential Pollination (Pollen Grains found on lizard)
line:xlsx:hash://md5/a145956849e70f1eeae954ee4b4f8f07!/All%20data!/L212,application/vnd.openxmlformats-officedocument.spreadsheetml.sheet,Lizard,Podarcis lilfordi,Solanum nigrum,,,,White,Rei Island,39.887167,4.287222,"Peréz-Mellado, 2000","Pollen load and transport by the insular lizard, Podarcis lilfordi (Squamata, Lacertidae) in coastal islets of Menorca (Balearic Islands, Spain)",Native,Disturbed,Potential Pollination (Pollen Grains found on lizard)
line:xlsx:hash://md5/a145956849e70f1eeae954ee4b4f8f07!/All%20data!/L213,application/vnd.openxmlformats-officedocument.spreadsheetml.sheet,Lizard,Teira dugesii,Strelitzia reginae,,,,NA,"Miradouro de S Sebastiao, Ribeira Brava",32.67,-17.062778,"Camara, 2025",Teira dugesii (Squamata: Lacertidae) visiting flowers: new observations and a review,Ornamental,NA,Legitimate Visit
line:xlsx:hash://md5/a145956849e70f1eeae954ee4b4f8f07!/All%20data!/L214,application/vnd.openxmlformats-officedocument.spreadsheetml.sheet,Lizard,Podarcis lilfordi,Tamarix africana,,,,Pink-white,Aire Island,39.801194,4.290528,"Peréz-Mellado, 2000","Pollen load and transport by the insular lizard, Podarcis lilfordi (Squamata, Lacertidae) in coastal islets of Menorca (Balearic Islands, Spain)",Native,Coastal / riparian ,Potential Pollination (Pollen Grains found on lizard)
line:xlsx:hash://md5/a145956849e70f1eeae954ee4b4f8f07!/All%20data!/L215,application/vnd.openxmlformats-officedocument.spreadsheetml.sheet,Lizard,Podarcis lilfordi,Tamus communis,,,,Yellow,Rei Island,39.887167,4.287222,"Peréz-Mellado, 2000","Pollen load and transport by the insular lizard, Podarcis lilfordi (Squamata, Lacertidae) in coastal islets of Menorca (Balearic Islands, Spain)",Native,Mediterranean shrub,Potential Pollination (Pollen Grains found on lizard)
line:xlsx:hash://md5/a145956849e70f1eeae954ee4b4f8f07!/All%20data!/L216,application/vnd.openxmlformats-officedocument.spreadsheetml.sheet,Lizard,Podarcis lilfordi,Teucrium capitatum,,,,Purple-white,Cabrera Gran,39.142167,2.945194,"Romera-Egea, 2023",Assessing the role of lizards as potential pollinators,Native,Insular Plant Community ,Legitimate Visit
line:xlsx:hash://md5/a145956849e70f1eeae954ee4b4f8f07!/All%20data!/L217,application/vnd.openxmlformats-officedocument.spreadsheetml.sheet,Lizard,Teira dugesii,Tracheoulium caeruleum,,,,Purple,NA,NA,NA,Beyhl 1991,Beyhl 1990,Introduced,NA,NA
line:xlsx:hash://md5/a145956849e70f1eeae954ee4b4f8f07!/All%20data!/L218,application/vnd.openxmlformats-officedocument.spreadsheetml.sheet,Lizard,Podarcis lilfordi,Umbelliferae undet,,,,NA,Aire Island,39.801194,4.290528,"Peréz-Mellado, 2000","Pollen load and transport by the insular lizard, Podarcis lilfordi (Squamata, Lacertidae) in coastal islets of Menorca (Balearic Islands, Spain)",NA,NA,Potential Pollination (Pollen Grains found on lizard)
line:xlsx:hash://md5/a145956849e70f1eeae954ee4b4f8f07!/All%20data!/L219,application/vnd.openxmlformats-officedocument.spreadsheetml.sheet,Lizard,Podarcis lilfordi,Urtica Membranacea,,,,NA,Aire Island,39.801194,4.290528,"Peréz-Mellado, 2000","Pollen load and transport by the insular lizard, Podarcis lilfordi (Squamata, Lacertidae) in coastal islets of Menorca (Balearic Islands, Spain)",Native,Ruderal / field margins,Potential Pollination (Pollen Grains found on lizard)
line:xlsx:hash://md5/a145956849e70f1eeae954ee4b4f8f07!/All%20data!/L220,application/vnd.openxmlformats-officedocument.spreadsheetml.sheet,Lizard,Podarcis lilfordi,Veronica hederifolia,,,,Purple-blue,Rei Island,39.887167,4.287222,"Peréz-Mellado, 2000","Pollen load and transport by the insular lizard, Podarcis lilfordi (Squamata, Lacertidae) in coastal islets of Menorca (Balearic Islands, Spain)",Native,Disturbed / field margins,Potential Pollination (Pollen Grains found on lizard)
line:xlsx:hash://md5/a145956849e70f1eeae954ee4b4f8f07!/All%20data!/L221,application/vnd.openxmlformats-officedocument.spreadsheetml.sheet,Lizard,Podarcis lilfordi,Withania frutescens,8.4,1.15,80 (range of 70-90%),Green-yellow,"Na Redona Islet (Cabrera Archipelago), Balearic Islands",39.168333,2.976306,"Muñoz-Gallego, 2025",Mixed mating system and intraspecifc variation in lizard pollination of Withania frutescens (L.) Pauquy,Native,Mediterranean shrub,Legitimate Pollinator
